GOID	GO term	Frequency	Genome Frequency	Gene(s)
3674	 molecular function unknown	1798 out of 5601 genes, 32.1%	1858 of 6338 genes, 29.3%	YAL004W,ERP2,MDM10,SWC3,DEP1,LDS1,ATS1,MAK16,FUN19,MTW1,YAL037W,YAL042C-A,ERV46,YAL045C,AIM1,AIM2,YAL056C-A,ECM1,TDA8,YAL064W-B,YAL065C,PAU8,YAL069W,ERP1,PAU7,UIP3,YAR028W,YAR029W,YAR030C,PRM9,MST28,YAR061W,YAR066W,YAR068W,IMD1,YAR075W,ECM15,YBL010C,YBL012C,RFT1,YBL028C,YBL029W,APL3,PRE7,ECM13,MOH1,YBL053W,YBL059W,YBL062W,SEF1,AST1,YBL070C,YBL071C,AAR2,YBL077W,YBL081W,YBL083C,YBL086C,YBL096C,YBL100C,SFT2,SEA4,SRO77,MIX23,YBL107W-A,YBL108W,YBL109W,YBL111C,YBL112C,RCR1,DSF2,YBR016W,FIG1,FMP23,RFS1,YBR053C,PRP6,YBR056W,YBR062C,YBR063C,YBR064W,ECM2,YBR071W,PFF1,ECM8,ECM33,YBR089W,PBY1,YBR096W,YBR099C,EXO84,SIF2,VID24,PHO88,AIM3,YBR113W,YBR116C,ATG14,OPY1,AGP2,YBR137W,YBR138C,YBR144C,YSW1,APD1,SPP381,TOS1,YSY6,UBS1,PEX32,NPL4,SMY2,UMP1,YBR174C,YBR184W,GDT1,AIM4,YBR197C,COS111,YBR206W,ERV15,AME1,SDS24,YBP1,YBR219C,YBR220C,YBR225W,SWC5,YBR232C,YBR242W,SPO23,TRS20,MTC4,YBR259W,MIC12,SLM6,SDH8,BIT2,HSM3,UBX7,YBR277C,YBR284W,YBR287W,APM3,YBR300C,COS2,RER1,YCL001W-A,YCL002C,LDB16,DCC1,YCL022C,FUS1,RNQ1,RRP7,LSB5,GFD2,ATG22,GID7,EMC1,YCL046W,YCL049C,PEX34,FYV5,KRR1,MRC1,YCL065W,YCL068C,YCR001W,YCR007C,YCR013C,CTO1,YCR016W,CWH43,YCR018C-A,MAK32,PET18,HSP30,YCR023C,YCR025C,BPH1,SNT1,RRP43,YCR041W,YCR043C,PER1,YCR049C,YCR051W,CTR86,BUD31,ATG15,RSA4,SOL2,AHC2,CSM1,YCR087C-A,YCR087W,FIG2,YCR090C,CDC39,OCA4,YCR097W-A,YCR099C,YCR100C,YCR101C,YCR102C,YCR102W-A,PAU3,RMD1,YDL009C,YDL011C,YDL012C,YDL016C,ERP3,GPM2,YDL023C,MRX9,BSC1,PRM7,YDL041W,NPC2,KNH1,YDL050C,PBP4,YDL057W,USO1,YDL062W,YDL068W,YDL071C,YET3,YDL073W,RXT3,NUR1,OPI6,SNU23,BUG1,QRI7,MSS2,YDL109C,RRP42,YDL114W,YDL118W,YDL121C,SNA4,YDL129W,SRF1,RGT2,YDL144C,LDB17,RPN5,ATG9,BUD30,YDL152W,SAS10,MSH5,YDL157C,YDL158C,YDL163W,NRP1,UGX2,YDL172C,PAR32,YDL176W,YDL177C,YDL180W,YDL183C,YDL187C,RBS1,ASF2,ACK1,RTN2,YDL206W,YDL211C,YDL218W,FMP45,HBT1,YDL228C,BRE4,MFG1,AIM6,ADY3,THI13,RCR2,SOK1,YDR008C,PSF1,RAD61,DAS2,ATG31,FYV1,VPS54,YDR029W,RAD28,PST2,MRH1,YDR034C-A,YDR034W-B,YDR042C,YDR053W,PST1,EMC10,YDR061W,AIM7,RRG1,RTR2,OCA6,DOS2,SHU2,TVP23,YDR089W,YDR090C,YDR094W,ARX1,SPO71,TMS1,TMN2,TRS85,YDR114C,VBA4,YDR124W,ECM18,MTC5,YDR132C,YDR133C,YDR134C,VPS61,DOP1,YDR149C,YDR154C,SSY1,ACL4,CWC15,SEC5,CSN9,SCC2,CDC1,ATC1,UPS3,YDR186C,YDR187C,YDR193W,YDR199W,VPS64,RAV2,YDR203W,COQ4,EBS1,YDR209C,YDR210W,YDR215C,MFB1,YDR222W,YDR230W,RTN1,SEC26,YDR239C,YDR248C,YDR249C,PAM1,YDR262W,CIA1,YDR269C,YDR271C,DON1,BSC2,MTH1,RRP45,PHM6,MRX10,YDR290W,BFR2,PMT7,RAD34,HIM1,MCM21,UTP4,YDR327W,UBX5,RQC1,MRX8,FCF1,YDR340W,SVF1,PAL1,SBE2,YDR355C,CNL1,EAF1,OPI7,BCP1,ESC2,SEM1,YDR366C,CTS2,NKP1,YDR391C,SHE9,YDR396W,YDR401W,DFM1,RRP17,ERD1,YDR415C,YDR417C,YDR426C,YDR431W,YDR433W,THI74,LRS4,APT2,YDR442W,YDR444W,ECM11,YDR455C,HEH2,SPP41,YDR467C,UGO1,PRP3,JIP4,YDR476C,PEX29,CWC21,SLD5,YDR491C,IZH1,VPS3,SPG3,GMC1,SDH7,EMI1,YDR514C,EMI2,GRH1,SNA2,YDR526C,RBA50,HLR1,KRE28,FIT1,YDR537C,IRC4,PAU10,YDR543C,YDR544C,IRC22,WBP1,VAB2,YEL008W,YEL014C,PMP2,GTT3,EAF5,YEL020C,YEL023C,RIP1,YEL025C,ECM10,MTC7,UTR5,YEL043W,IES6,YEL045C,PAU2,AFG1,SDD1,NPR2,AVT2,YEL067C,YEL068C,DSF1,RMD6,YEL073C,YEL075C,YEL075W-A,YEL076C,YEL076C-A,NOP16,FMP52,RPN3,SMB1,FIR1,ZRG8,YER034W,HVG1,MEI4,SPO73,CAJ1,HMF1,VHR2,RRT13,TDA2,YER076C,MRX1,YER079W,AIM9,UTP7,YER085C,YER087C-A,YER091C-A,AST2,RTT105,GLE2,TMN3,SPR6,DSE1,NSA2,LCP5,PMD1,YER137C,YER138W-A,EMP65,SCC4,PEA2,SPI1,YER156C,YER158C,BCK2,ISC10,FMP10,PUG1,YER186C,YER188W,YER189W,VTC2,WWM1,AUA1,YFL012W,IES1,YFL015C,SMX2,PAU5,BUD27,YFL034W,TUB2,FMP32,THI5,SNO3,COS4,YFL063W,YFL064C,YFL065C,YFL066C,YFL067W,YFL068W,SAD1,FAR7,MIC19,DCV1,YFR016C,YFR018C,PES4,LSB3,ULI1,PTR3,RRT5,OSW7,SAP155,ERJ5,KEG1,RMD8,PRE4,RET2,RPN12,YFR056C,YFR057W,ERP6,RPN14,COG7,MPO1,SCL1,YGL015C,PIB2,CGR1,YGL036W,YGL042C,MST27,YGL052W,PRM8,SDS23,GEP7,YBP2,YGL069C,YGL072C,YGL074C,KXD1,YGL081W,YGL082W,SCY1,LCL3,MAD1,YGL101W,YGL102C,YGL109W,NSA1,YGL117W,SCS3,SOH1,CWC23,ITC1,YGL138C,YGL140C,TIP20,RRT6,NUT1,YGL152C,YGL159W,YGL165C,HUR1,BUD13,YGL176C,YGL188C,MDS3,YGL199C,EMP24,SKI8,YGL214W,YGL217C,YGL218W,MDM34,FRA2,NIF3,OST5,MTC3,SHE10,YGL230C,EMC4,YGL235W,MTO1,YGL239C,YGL242C,BRR6,ZIP2,VEL1,YGL260W,PAU11,PEX31,STF2,YGR011W,YGR012W,YGR015C,YGR017W,YGR018C,YGR021W,MTL1,YGR026W,IMO32,TIM21,YGR035C,YGR039W,BUD9,YGR042W,YGR045C,SCM4,YGR053C,YGR064W,ENV11,YGR073C,PRP38,YGR079W,SLX9,NNF2,UTP22,PRP31,RRP46,VMA21,VOA1,YGR111W,YGR114C,YGR115C,YGR117C,COG2,YGR122C-A,YGR122W,YGR125W,YGR126W,YGR127W,YGR130C,FHN1,PHB1,CAF130,LSB1,YGR137W,YGR139W,VPS62,ENP2,ECL1,NAT2,YGR149W,YGR151C,YGR153W,MTR3,YGR160W,RTS3,YGR168C,YIP1,CBP4,YGR176W,OKP1,YGR182C,HGH1,SKI6,FYV8,SNG1,YPP1,YGR201C,CIR1,YGR210C,RTA1,YGR219W,TOS2,YGR226C,YGR228W,SMI1,BNS1,PHB2,NAS6,MIC26,YGR237C,KEL2,YGR242W,SDA1,NOP19,PUP2,YGR259C,APL6,YGR265W,YGR266W,HUA1,YGR273C,YGR290W,YGR291C,YGR293C,PAU12,COS6,SHU1,YHL012W,OTU2,YHL017W,AIM17,NPR3,YHL026C,OCA5,YHL037C,YHL044W,PAU13,COS8,YHL049C,TDA3,SPO13,YSC83,YHR022C,YHI9,ERC1,YHR033W,PIH1,BRL1,MSC7,YHR045W,YHK8,YHR049C-A,FSH1,YHR054C,FYV4,RRP4,NMD2,YHR078W,SAE3,SAM35,YHR095W,YHR097C,BIG1,SBE22,CIA2,YHR127W,YHR131C,SPS100,YHR140W,SKG6,PEX28,MTC6,SPO12,SPO16,RTT107,REC104,KEL1,TDA11,YHR182W,SSP1,LNP1,MDM31,AIM18,AIM46,YHR202W,YHR210C,YHR213W,YHR214W,YHR214W-A,YHR217C,YHR218W,YHR219W,YIL001W,NAS2,VID28,FAF1,YIL024C,EMC5,PRM2,TED1,APQ12,GVP36,SYG1,MMF1,YIL055C,YIL060W,YRB2,FIS1,YIL067C,PCI8,SPO22,SEC28,YIL077C,AIM19,YIL089W,ICE2,YIL092W,FMC1,DPH1,YIL108W,HOS4,PRM5,SIM1,RRT14,MET18,TAO3,CSM2,VHS2,OM45,TMA108,AXL2,YIL141W,ATG32,ESL1,YIL152W,COA1,AIM20,YIL161W,YIL169C,HXT12,YIL171W,YIL174W,YIL175W,PAU14,AIM21,DSN1,STS1,YIR014W,YIR016W,FLO11,MND2,DCG1,MGA2,YIR040C,PAU15,YIR042C,YIR043C,SYS1,CTK2,YJL009W,MAD3,YJL015C,MPS3,PET130,APS3,VPS53,MAD2,IRC18,YJL043W,UBX6,CHM7,IRC8,BIT61,YHC3,YJL064W,DLS1,YJL067W,UTP18,YJL070C,PSF2,APQ13,ICS3,PRY3,IML2,TAX4,SAP185,CHS6,SET4,YJL107C,PRM10,NCA3,YJL119C,YJL120W,ALB1,MTC1,YJL132W,IDS2,MRX5,YJL152W,FMP33,JJJ2,YJL163C,ASG7,YJL171C,KRE9,YJL175W,YJL182C,BUD19,SOP4,YJL193W,YJL195C,ECM25,YJL202C,NCE101,LAA1,YJL211C,YJL213W,REE1,PAU1,MPP10,MRX12,APL1,MHO1,YJR011C,YJR012C,YJR015W,YJR018W,YJR020W,REC107,YJR023C,YJR030C,RAV1,YJR039W,URB2,HIT1,YJR056C,APS2,YJR061W,YAE1,YJR071W,AIM24,ACF4,YJR084W,YJR085C,YJR087W,EMC2,BIR1,YJR098C,AIM25,YJR111C,NNF1,YJR114W,YJR115W,TDA4,ILM1,YJR120W,IBA57,YJR124C,VPS70,SGM1,MCM22,TTI2,YJR141W,HMS2,YJR149W,DAN4,YJR154W,COS5,YJR162C,DID4,MAK11,YKL030W,TTI1,YKL033W-A,YKL036C,AIM26,PTM1,NFU1,VPS24,DCW1,ANR2,YKL050C,SFK1,MDM35,YKL053W,DEF1,TMA19,YKL063C,YET1,YKL066W,YKL070W,YKL071W,STB6,YKL075C,PSY1,YKL077W,RRP14,YKL083W,MBR1,MTC2,UTP11,SEG2,YKL107W,YKL111C,YKL118W,DGR2,SRP21,YKL123W,SSH4,PMU1,YKL131W,YKL133C,YKL136W,MRP8,LTV1,YKL153W,YKL162C,YKL169C,YKL177W,COY1,LOT5,FAT3,HYM1,DPH2,YKL202W,EMC3,CBT1,YKL223W,PAU16,YKL225W,ECM9,YKR005C,MEH1,YKR015C,MIC60,YKR018C,IRS4,NTR2,YKR023W,BCH2,SAP190,GMH1,YKR033C,OPI8,DID2,CAF4,YKR040C,UTH1,UIP5,YKR045C,PET10,YKR047W,FMP46,YKR051W,UTP30,LAS1,PAM17,YKR070W,AIM29,YKR075C,TVP38,SRP40,ESL2,SKG1,SFI1,SPO75,MMM1,LMO1,YLL020C,PAU17,FRA1,YLL037W,VPS13,YLL044W,YLL047W,YLL053C,YLL056C,PAU18,YLL065W,YLR001C,CMS1,PML1,IRC25,IZH3,YLR030W,YLR031W,MLH2,YLR036C,PAU23,YLR041W,YLR042C,YLR046C,YLR049C,YLR050C,FCF2,IES3,OSW2,MNL2,BUD28,PER33,ENV10,FYV7,YLR076C,FMP25,SRL2,EMP70,RAX2,CSF1,GEP5,GIS3,YLR101C,YLR108C,YLR112W,AVL9,YLR125W,YLR126C,SLS1,YLR140W,YLR149C,YLR152C,YLR156W,YLR159W,YLR161W,SEC10,UPS2,YLR169W,YLR171W,YLR177W,YLR179C,SKG3,MMR1,PWP1,YLR198C,PBA1,COQ9,YLR202C,QRI5,CDC123,YLR217W,MSC3,YLR225C,YLR230W,YLR232W,YLR236C,FAR10,ARV1,SSP120,YLR252W,MCP2,YLR257W,VPS63,TMA7,BOP2,YLR269C,YLR271W,SMD2,YLR279W,YLR281C,YLR283W,YLR287C,COQ11,YLR294C,YLR297W,HRI1,YLR302C,IMH1,SPH1,NKP2,YLR317W,MMS22,VPS65,CWC24,PEX30,YLR326W,REC102,CHS5,JIP3,SGD1,OPI9,YLR339C,SPO77,YLR349W,ORM2,YLR352W,BUD8,ATG33,YLR358C,VPS38,ARC18,VID22,YLR374C,PSY3,YLR379W,REH1,ECM19,ART10,YLR400W,YLR402W,SEI1,YLR407W,BLS1,UTP21,BER1,INA1,PUN1,DCK1,TDA5,MAG2,YLR428C,ATG23,YLR434C,TSR2,ECM30,DIF1,SEC39,ECM7,YLR444C,YLR446W,FMP27,YLR456W,YLR460C,PAU4,YLR462W,YLR463C,YLR464W,BSC3,YML002W,YML003W,GIS4,YML009C-A,YML009W-B,RAD33,YML012C-A,ERV25,YML018C,OST6,YML020W,RCF1,YML031C-A,YML034C-A,SRC1,CGI121,YML037C,YML047W-A,AIM32,SUR7,YML053C,YML057C-A,ERV41,ITT1,COG8,YML079W,YML083C,TUB1,AIM33,PRE8,UTP14,YML094C-A,YML096W,YML100W-A,CUE4,YML101C-A,PML39,ZDS2,CTK3,YML116W-A,YML119W,TUB3,MSC1,COX14,YML131W,COS3,MIX17,AIM34,YMR010W,BUD22,CSI1,YMR027W,TAP42,FAR8,RSF1,EIS1,YET2,YMR046W-A,CSM3,STB2,YMR057C,SAM37,RIM9,KAR5,SOV1,AVO2,TVP18,IRC21,SDD2,YMR075C-A,RCO1,CTF18,ISF1,SEG1,YMR090W,ATP25,MUB1,YMR102C,YMR111C,YMR114C,SHH3,YMR119W-A,PKR1,EPO1,DLT1,YMR130W,JLP2,ERG29,GID8,CIN4,SIP5,YMR144W,YMR147W,OSW5,YIM1,YMR153C-A,YMR155W,AIM36,YMR158C-A,YMR160W,EAR1,YMR172C-A,YMR173W-A,ECM5,MMT1,YMR178W,SPT21,YMR181C,RTP1,YMR187C,YMR193C-A,YMR194C-A,ICY1,YMR196W,YMR206W,DML1,EFR3,ESC1,YMR221C,FSH2,FUS2,TRI1,BCH1,DFG5,CUS1,COA6,YMR244W,HOR7,YMR252C,YMR253C,GFD1,TRM732,YMR262W,YMR265C,RSN1,TMA23,AEP2,YMR290W-A,GOT1,YMR294W-A,YMR295C,YME2,YMR304C-A,YMR306C-A,PRE5,DIA1,YMR321C,YMR324C,PAU19,YMR326C,YNL010W,YNL011C,YNL013C,YNL018C,YNL019C,YNL033W,YNL034W,YNL035C,COG6,BOP3,YNL043C,YIP3,YNL046W,COG5,VAC7,OCA2,YNL057W,YNL058C,MLF3,MKS1,NIS1,EOS1,SNN1,YNL089C,NST1,YNL095C,MIC27,YAF9,YNL109W,YNL114C,YNL115C,NCS2,YNL120C,FAR11,TEP1,KRE33,FYV6,EAF7,YNL140C,YNL143C,YNL144C,PGA2,YNL150W,ASI2,YGP1,IBD2,YNL165W,FMP41,YNL170W,YNL171C,MDG1,YNL174W,TDA7,YNL179C,YNL184C,SWT21,YNL190W,YNL193W,YNL194C,YNL195C,YNL208W,VID27,RRG9,IES2,SQS1,YNL228W,CSL4,ATG2,CWC25,MPA43,RTC4,DSL1,YIF1,YNL266W,TOF1,YNL276C,CAF120,PRM1,SEC21,CAF40,RIM21,MRX6,YNL296W,TOS6,YNL303W,YPT11,BXI1,KRI1,EMW1,YNL319W,YNL320W,YNL324W,THI12,SNO2,COS1,YNL337W,YNL338W,SWM2,YNR005C,YNR014W,RCF2,ATP23,YNR021W,YNR025C,YNR029C,SOL1,YNR040W,YNR042W,YNR048W,MSO1,YNR061C,YNR062C,YNR065C,YNR066C,BSC5,YNR077C,CSI2,MDM12,IRC10,ESC8,YOL019W,TSR4,LAG2,MIM1,YOL029C,YOL035C,YOL037C,YOL046C,LDS2,YOL050C,AIM39,GPM3,MAM3,CRT10,NBA1,SDH5,DSC2,YOL079W,SDD3,YOL099C,IZH4,YOL106W,YOL107W,ZEO1,MDY2,RRI2,VPS68,MED7,BSC6,RTC1,NOP8,PSF3,PEX11,YOL150C,YOL153C,YOL159C,PAU20,TSR3,YOR008C-A,TIR4,TIR2,YOR015W,ERP4,PET127,YOR019W,DFG16,YOR041C,IRC23,ETT1,TMC1,YOR053W,SLD7,YOR062C,MSA1,SGO1,RTS2,YOR093C,YOR097C,YOR102W,OST2,PIN2,YOR105W,YOR111W,YOR114W,TRS33,RTC5,AFI1,YOR131C,IRC14,SIA1,YOR139C,YOR146W,MDM32,SLP1,SME1,GET4,YOR169C,YOR170W,MED4,MSB1,PEX27,SLK19,YOR200W,GEP3,SPR2,AIM41,YOR218C,RCN2,DSC3,YOR225W,ISU2,HER1,MCP1,YOR238W,SRL1,YOR248W,TMA16,TRE2,RPN8,YOR263C,DSE3,PNT1,FSF1,YTM1,RIM20,CAF20,YOR277C,FSH3,YOR282W,RRP36,YOR289W,YPK9,YOR292C,RRS1,YOR296W,BUD7,RAX1,BIL1,RRG7,SLY41,SNU66,YOR309C,SPS4,SFG1,FRT1,YOR325W,YOR331C,YOR333C,YOR338W,YOR342C,MNE1,TFB6,SOG2,GDS1,CIR2,YOR365C,FIT2,FIT3,YOR385W,YOR387C,YOR389W,YOR392W,PAU21,SNF8,AEP3,RET3,YPL014W,CTF19,VTC3,YPL025C,SMA1,SVL3,SRL4,YPL039W,MRX11,YPL044C,LEE1,LGE1,CWC27,RGL1,YPL067C,YPL068C,YPL071C,YPL077C,YPL080C,MGR2,INA17,SYH1,YPL107W,YPL108W,YPL109C,PEX25,YPL114W,VPS30,SPO19,YPL136W,YPL142C,POC4,PRP46,PRM4,AIM44,PET20,BEM4,SVS1,SET6,ATG29,MRX4,TRE1,TCO89,RTT10,UIP4,YPL191C,PRM3,RSA1,DDC1,OXR1,YPL197C,YPL199C,YIG1,TYW1,SRP72,NIP7,LEA1,YPL216W,FMP40,GRE1,MMT2,YPL225W,YPL229W,NSL1,YPL238C,SRP68,YPL245W,RBD2,YPL247C,ATG41,YPL251W,YPL257W,YPL260W,KEL3,YPL264C,KAR9,PBI1,YPL277C,YPL278C,PAU22,YPR002C-A,PDH1,YPR003C,AIM45,HAL1,REC8,EAF3,YPR027C,IRC16,YPR039W,TIP41,OPI11,THP3,MCM16,YPR050C,SEC8,YPR059C,JID1,YPR063C,MED1,YPR071W,OPY2,MDM36,YPR084W,ASA1,VPS69,YPR089W,YPR092W,RDS3,YPR099C,COG4,YPR109W,YPR114W,RRG8,YPR117W,THI22,YPR123C,YLH47,YPR126C,YPR127W,YPR130C,MSS18,YPR136C,YPR142C,RRP15,NOC4,YPR147C,YPR148C,NCE102,YPR150W,SUE1,URN1,PIN3,NCA2,TDA6,MMS1,NUT2,JIP5,YPR172W,YPR174C,YPR177C,PRP4,SMX3,SKI3,YPR197C,YPR202W,YPR203W
16787	 hydrolase activity	794 out of 5601 genes, 14.2%	869 of 6338 genes, 13.7%	SSA1,SPO7,NTG1,TPD3,FUN30,CCR4,DRS2,MYO4,POP5,FUN12,GEM1,YAR009C,PHO11,YBL005W-B,ACH1,POP8,APN2,PIM1,MCM2,RIB1,YBL055C,PTC3,PTH2,KIP1,UBP13,SSA3,MAP2,ATP1,YBL100W-B,YBL113C,NTH2,IPP1,YBR012W-B,POA1,OLA1,ATP3,UBP14,TIP1,RDH54,SEC18,MIS1,RFC5,PHO3,PHO5,RXT2,MMS4,YSA1,RAD16,PTC4,VMA2,YBR139W,MAK5,ARL1,POP7,EHT1,FZO1,YPC1,PCH2,MCM7,LDH1,DUR1,2,TDP1,MCX1,SLX1,ROT2,PRP5,ISW1,RRT2,HIS7,DUT1,POP4,YPT10,PPS1,DUG2,APE3,SNF5,PCA1,YCL019W,HIS4,POF1,APA1,PRD1,CDC10,ADP1,HTL1,NPP1,RHB1,RRT12,RSC6,RAD18,PTC6,CDC50,ATP16,PTC1,RPT2,ARP2,DBP10,SIR2,SIT4,SUB2,YDL086W,GET3,POL3,UBP1,HNT1,CDC48,PPH21,ARF2,DHH1,FAP7,AIR2,VMA1,PPH22,ARF1,RRI1,DTD1,HO,SSB1,PTP1,PHO13,GUD1,NTH1,RAD57,SNQ2,FAL1,EHD3,ENA5,ENA2,ENA1,VMS1,DET1,TGL2,DOA4,SNF11,TPS2,PPH3,RAD55,RLI1,DNF2,MSH6,YCF1,MKC7,RVB1,HST4,MSS116,GTB1,AMD2,PRP28,HSP78,EXG2,DIN7,CCC2,GLO2,RNH202,DPP1,INM2,HRQ1,HDA2,ATP5,RSC3,ASP1,TIM11,GPI8,IRC3,YPS7,DXO1,BCS1,ATP17,RPT3,URH1,PDR15,DYN2,BNA7,CYM1,GPI17,PPZ2,PPN1,PHO8,PAC11,LPP1,APA2,YRF1-1,NPP2,SPF1,MCM3,RAD23,UTR4,GDA1,VMA8,SOM1,PRB1,CIN8,YEL077C,YND1,NUG1,PRP22,AFG3,ISC1,GPA2,YPT31,ARB1,PHM8,YEN1,SAH1,SAP1,GPP2,PTP3,ICP55,PTC2,RAD51,UBP9,SSA4,GLC7,YER134C,YER138C,RTR1,MAG1,UBP5,UBP3,YER160C,CHD1,DNF1,RAD3,BRR2,RAD24,ECM32,YRF1-2,SPB4,YFL002W-A,SEC4,SMC1,BST1,CAF16,YPT1,OTU1,SWP82,RPN11,YFH7,GCN20,UBP6,IOC3,HIS2,CDC14,SMC2,RSC8,IRC5,DUG1,PMC1,PMA1,CWH41,SCW11,PNC1,RPT6,RAD6,MRH4,NPY1,DBP3,NBP35,PAN2,LSG1,PRP43,ROG1,INO80,AMS1,RAD54,PMR1,ROK1,XRN1,SAE2,HOS2,MCM6,KEX1,YPT32,KIP3,SDT1,SAP4,TAD1,RAI1,PDE1,HFM1,YPS5,VMA7,MSP1,POP6,CAX4,RSC1,ESP1,PCP1,CLD1,PPT1,SKN1,RSR1,GTR2,ADE3,SER2,CPD1,SOL4,RAD2,BUD32,SAY1,FOL2,SLH1,RTT102,RNH70,SCW4,YOR1,BGL2,IMA1,YRF1-3,SPO11,SNF6,YHL050C,NEM1,GPA1,MYO1,MAS2,VMA16,RPN1,DAP2,VMA10,DOG2,INM1,AAP1,RSC30,RPP1,RRP3,QNS1,PPE1,PTC7,IRE1,GEP4,CDC12,APE4,MSH1,ECM14,WSS1,DSE2,DCD1,SOL3,MTG2,DBP8,IKI1,GPI16,PTH1,PPX1,MNL1,YHR214C-B,PHO12,INP51,CFD1,EST3,PDR11,BAR1,ULP2,NEO1,GPP1,RPN2,YIL082W-A,SDS3,SGA1,SDP1,RHO3,AYR1,STH1,SSL2,UBP7,SUC2,NIT1,IMA3,YIL177C,MPH1,EGH1,RPR2,SEC11,YVH1,DAL1,DAL2,YPS6,PRE3,HCA4,KAR2,TAD2,MTR4,YJL068C,SMC3,ARP4,TRL1,SRS2,MEF2,YJL113W,NIT2,LCB3,TIF2,FBP26,SSY5,HSP150,CPS1,SWI3,CDC6,UBP12,NUC1,IMA5,IMA4,YJL225C,POL31,TES1,YJR027W,YJR029W,RAD26,POL32,SSC1,RAD7,NTA1,RFC2,HAM1,NPA3,YUH1,YJR107W,YMR1,STE24,ATP2,MNS1,YJR142W,PGU1,CCE1,ATP7,HCS1,PAN3,DHR2,SMY1,VMA5,YJU3,YPF1,APE1,RAD27,APN1,MYO3,OCT1,TGL1,RPT1,DBR1,SRP102,APE2,SNU114,PXA2,CNB1,PEX1,STE6,SAC1,OXP1,VPS1,RSC4,YPT52,DBP7,SPO14,SHB17,YSR3,DYN1,RHO4,TRM2,TIF1,TRZ1,HBS1,PRP16,OMA1,TGL4,UBP11,NFT1,DNM1,DRS1,PSR1,YEH1,SSA2,HSP104,RIX7,YBT1,YLL066C,YLL067C,PSR2,YEH2,ADE16,RAD5,RSC58,REX2,SPC3,SMC4,GAA1,IOC2,SEN2,MDN1,REX3,YLR118C,YPS1,YPS3,USB1,SLX4,ACF2,PCD1,RNH203,ASP3-1,ASP3-2,ASP3-3,ASP3-4,MDL1,PNP1,CRR1,CDC42,BNA5,GPN3,MAP1,CDD1,IRC20,YEF3,HSP60,YPT6,DCS1,MCM5,DBP9,YSH1,GUF1,GSP1,ATP14,ECM38,EXG1,CDA1,TAD3,SFH1,NIT3,RSC2,DCR2,STE23,AFG2,SKI2,URA4,SPP382,SEN1,CNA1,VMA6,GAB1,YRF1-4,YRF1-5,YPT7,PPZ1,UNG1,AMD1,YML039W,YML045W,SPC2,CMP2,NTE1,OGG1,PIF1,TEM1,ORC1,ATP18,RPM2,RAD10,TSL1,NGL3,GTR1,RSC9,YML133C,PLB2,PLB1,ARP9,IMP2,MIH1,IOC4,YMR045C,YMR050C,STV1,NAM7,YMR087W,YTA12,NPL6,SNO1,SNZ1,MTG1,MYO5,ADE17,ECM16,PSO2,IMP1,RIM13,TPP1,DNF3,PAH1,MLH1,DDR48,CTL1,HSC82,SGS1,CIK1,UBP8,MRE11,RNH1,RNT1,TPS3,SAP30,PPA2,RCE1,FCP1,GPI12,NGL2,DSS1,HAS1,PRC1,DYN3,ATM1,UBP15,SCW10,TGL3,SNO4,SPO1,HDA1,SIW14,YNL040W,LAP2,MSG5,ARP5,SUN4,RNH201,PMS1,MKT1,TOP2,RHO2,YPT53,APP1,RAS2,OCA1,INP52,YNL108C,DBP2,DCP2,NMA111,AAH1,RIA1,RPS3,RHO5,UBP10,DUG3,SSB2,YNL217W,MGS1,POP1,ATG4,KEX2,LAP3,RAD50,POL2,POP3,RFC3,LEM3,FIG4,EGT2,PEX6,RPD3,YRF1-6,SNF12,PPG1,DBP6,POP2,NOG2,YNR064C,DSE4,RCL1,PLB3,DIS3,IFM1,SMC5,NGL1,NTG2,THI20,YOL057W,MET22,INP54,RIB2,HST1,YOL075C,REX4,MSH2,RFC4,HMI1,PAP2,HPF1,IMA2,BDS1,RRP6,YSP3,AUS1,YOR022C,HST3,EXO1,GLO4,DBP5,RAT1,RSB1,NOB1,LPL1,TGL5,LPX1,VPS21,PTC5,ECM3,RAS1,INP53,TFC7,RPT5,UBP2,EFT1,ARP8,PDR5,ISN1,PUP1,DDP1,SEY1,DCS2,GSP2,TUF1,SPR1,ULS1,MCA1,DED1,PTP2,MGM1,RFC1,HNT3,RPT4,GPN2,VPH1,YOR283W,ISW2,MYO2,PDR10,MIP1,VMA4,PDE2,HSP33,CHL1,HST2,SWI1,ULP1,RAD1,SUV3,PMA2,UBP16,YTA6,ATP4,MOT1,SEN54,YDC1,EEB1,PNG1,ELP4,FMP30,GDE1,CAR1,HOS3,DBP1,RNY1,TAF14,PXA1,PEP4,KIP2,MLH3,PPQ1,PGC1,BMS1,SAR1,NEW1,CET1,VMA11,RVB2,HSP82,PLC1,MDL2,ATP15,YRF1-7,MCM4,ATP20,YME1,ATH1,ARP7,VMA13,FCY1,HOS1,PRE2,AXL1,KAR3,KRE6,RHO1,VPS4,HDA3,GDB1
16740	 transferase activity	759 out of 5601 genes, 13.6%	831 of 6338 genes, 13.1%	PSK1,PMT2,CDC19,SWD1,YAR009C,KIN3,CDC15,YAT1,YBL005W-B,ALK2,SCT1,FMT1,ACH1,FUS3,NCL1,POL12,SAS3,PRS4,ALG3,CDC27,TEL1,YBL100W-B,PKC1,RER2,COQ1,GPI18,YBR012W-B,MNN2,GAL7,GAL1,CHS3,YPK3,CDS1,RKM3,HMT1,CHS2,CST26,AKL1,TRM7,ALG14,UBC4,VPS15,ALG1,RAD16,TKL2,TPS1,HSL7,MEC1,BMT2,RPB5,CDC28,CSH1,SWD3,ECM31,EHT1,YPC1,KTR4,KTR3,ATG12,ABD1,ALG7,HIS7,RIB5,TAE1,SHM1,EFM2,CHK1,DPB3,SAF1,DUG2,PGS1,ILV6,NFS1,YCL019W,KCC4,GRX1,GLK1,POF1,APA1,PBN1,SPB1,CIT2,SAT4,PGK1,POL4,ELO2,RBK1,BUD23,ARE1,SSK22,KIN82,SLX5,NOP1,CDC7,MPS1,SLM3,NAT1,FAD1,SLC1,PSA1,UBC9,BRE1,MRK1,RAM1,PMT5,PMT1,DUN1,POL3,QRI1,NSE4,KIN28,TRM3,LYS21,CDC53,RPO21,RPC53,STE7,CDC36,AIR2,LYS20,UFD2,NUS1,MGT1,TRM8,HEM3,YPD1,KCS1,YDR018C,ARO3,RPC11,CDC34,UBC5,LCB2,PAA1,IPT1,RRP8,UBC13,ALT2,APC4,TRM1,DPB4,KIN1,SWF1,ARO1,YDR131C,MTQ2,SAN1,EKI1,KGD2,RPA14,TRM82,ARG82,NGG1,UBC1,SAS4,CAB5,RKM2,MSS4,ADK1,HEM1,FMN1,MNN10,VHS1,RMD5,RKM4,AKR1,PEX10,HEL2,GCN2,NSE3,PRO1,GPI11,YDR306C,PIB1,IPK1,OMS1,SKP1,TRP4,HPT1,RPB7,ADE8,SIZ1,STE14,RAD30,SIP1,PPM1,DOT1,ADA2,GUK1,TOM1,PFA5,RMT2,PKH3,SDC1,SNF1,KRE2,PKH1,SAM2,GIN4,GRX2,SPS1,CAB1,GLC3,UBC8,MMS21,ANP1,UTR2,YEF1,POL5,HAT2,HPA3,MNN1,YAT2,CHO1,GAL83,ISD11,HOM3,HIS1,CEM1,MOT2,ARG5,6,MET6,PRS2,UBC6,SLX8,YCK3,RSP5,YER138C,YER152C,YER160C,GCG1,CCA1,ADK2,TMT1,YFL002W-A,CDC4,GNA1,EPL1,CAK1,AGX1,RIM15,RPO41,ACT1,DAK2,YFH7,CMK1,GSY1,FAB1,BNA6,HXK1,ATE1,ALK1,STT3,OCH1,ALG13,TYW3,RAD6,PKP2,ALG2,SGF73,RPB9,GUP1,MMS2,SNF4,COQ8,CEG1,SNT2,MRM2,HUL5,GPI10,LYS5,CDC43,RCK1,TOS3,ATG1,IME4,ARO8,SIP2,HXK2,MNT2,CUL3,ECT1,NMA2,UGA1,THG1,GSC2,KSS1,NQM1,TAM41,FMP48,DBF2,PEX4,GTO1,CHO2,ATF2,UBR1,BUB1,CRH1,XKS1,PCT1,SLI1,GPI1,DIE2,PFK1,GCN5,BUD32,TAF1,CAB4,BGL2,YGR283C,BIO2,LAG1,STE20,PRS3,GUT1,EFM1,ARD1,SLT2,DYS1,TRM5,IRE1,KSP1,YNG2,TRA1,KIC1,CTM1,DMA1,SET1,EPT1,FUR1,YCK1,ARO9,RPC10,CDC23,ERG9,SCH9,SET5,BAT1,CRG1,YHR214C-B,MNT3,RPB3,SSM4,CKA1,NOT3,PKP1,AIR1,YIL082W-A,KTR7,PRK1,BMT5,FYV10,PFK26,HPM1,HIS5,REV7,SLN1,POT1,PRI1,DAL7,GTT1,OST1,RPC17,VTC4,BET4,RTT101,IKS1,BNA3,LAS21,ARG2,ARP4,TRL1,ARG3,GWT1,BCK1,LSB6,IME2,YJL113W,GCD14,SPT10,URA2,GLG2,YUR1,RPB4,YAK1,RPA34,DAS1,TPK1,HAL5,ERG20,SET2,MNN11,MNN5,SWE1,ELO1,PEX2,YJL218W,POL31,MET3,GPI14,YJR027W,YJR029W,HUL4,POL32,UTR1,RAD7,CDC8,PTK2,RPA12,TOR1,OPI3,HOC1,GRR1,ADO1,EFM3,STR2,XPT1,PMT4,BAT2,AUR1,LAC1,UFD4,SWD2,RAM2,CDC16,URA6,TUL1,UGP1,PRI2,ELM1,OAR1,YNK1,HSL1,GFA1,AAT1,PRR1,YPK1,CTK1,RPC25,KDX1,MCD4,TPK3,KKQ8,NNK1,PRS1,FAS1,YKT6,PTK1,TOR2,PAP1,HEL1,RPC37,TRM2,GLG1,KTR2,GPT2,MET1,ECM4,TGL4,RTT109,KNS1,GPI13,GRC3,YLL058W,MHT1,AYT1,SSL1,NSE1,BRE2,MEU1,UBR2,AAT2,ADE16,SHM2,BMT6,ALT1,KIN2,HRT3,ICT1,APC9,HOG1,APC2,CKI1,RKM5,SPE4,DPH5,SAM1,EMG1,ATG26,NMT1,HRD3,PNP1,UCC1,VPS34,ERF2,IRC20,RCK2,GSY2,LCB5,NNT1,MET17,STT4,UBC12,EST2,NMA1,FKS1,GAS2,YLR345W,TAL1,STE11,MDM30,ELO3,SMC6,VIP1,CAR2,TRM12,ERG6,APT1,NSE5,YML039W,CAT2,YML045W,DAK1,UFO1,TSL1,URA5,COQ5,BUL2,VAN1,ERG13,CDC5,SEC59,PEX12,YMR045C,YMR050C,ARG7,NAT4,SRT1,ILV2,ASI1,ADE17,SAS2,RIM11,SWP1,ATG16,PFK2,ERG12,YMR209C,YMR210W,GAS3,SKY1,ERG8,MRE11,PEP5,RKR1,GTO3,TPS3,URA10,BUL1,RIT1,TDA1,LCB1,LIP1,ADE4,FKS3,GAS1,YMR310C,TGL3,MRP7,ASI3,ARK1,RCM1,EFM6,GPI15,ALG11,NOP2,GCD10,MTQ1,LAT1,POL1,LEU4,RPC19,DMA2,MLS1,NRK1,RPC31,YCK2,PGA1,CBK1,APC1,NPR1,DUG3,CHS1,RIO2,ALG9,ELA1,RPA49,RAD50,FOL1,POL2,PIK1,MET2,CLA4,TRF5,MCK1,SKP2,PFA3,CIT1,RPC34,ATG3,LRO1,URK1,ARE2,BUD17,ALG12,SSK2,ABZ1,COQ2,TRM112,FPK1,BIO3,MNT4,PFA4,RPB11,HRD1,CMK2,GAS5,SMC5,PSK2,PSH1,THI20,PRS5,MDM20,TRM10,COQ3,PKH2,TPT1,SHR5,SKM1,PAP2,TRM11,TRM13,YGK3,GAS4,HRT1,PFK27,ARG8,PPM2,ALG6,SFM1,AHC1,AKR2,CKA2,YNG1,ALG8,CDC21,DIA2,TGL5,OST3,KTR1,LEU9,RPO31,RIO1,THI80,SMP3,RPB2,LCB4,ALE1,SER1,LIP5,MRM1,RET1,NPT1,RPB10,SAS5,MCT1,RPB8,MKK1,KIN4,ABP140,ESA1,DGA1,APC5,TUM1,NAT5,HRK1,MOD5,RDL1,RDL2,MUM3,DGK1,GNT1,PMT3,MIP1,KRE5,UBC11,RPA43,RPA190,REV1,PYK2,MEK1,MRS6,ATF1,HAT1,IRC15,SKS1,ERG10,TRM44,PHO85,SSN3,MNN9,KTR6,SUR1,BTS1,ELP3,EEB1,SPP1,MKK2,FRK1,ATG5,YPL150W,RAD53,TGS1,REV3,COX10,SPT14,POS5,GUP2,TPK2,HRR25,RKM1,IPL1,THI6,ALG5,FAS2,ENV7,THI21,DIM1,SAM4,CIT3,RPA135,MAK3,SPE3,NOT5,TKL1,ASR1,ISR1,RPC40,PIS1,NAT3,LOA1,TAZ1,GPH1,SGV1,DPB2,BET2,DPM1,GDB1,RPC82
3723	 RNA binding	385 out of 5601 genes, 6.9%	844 of 6338 genes, 13.3%	SSA1,POP5,FUN12,PTA1,RFA1,YAR009C,YAR010C,UTP20,YBL005W-A,YBL005W-B,NCL1,LSM2,HEK2,PIN4,YBL100W-A,YBL100W-B,YBR012W-A,YBR012W-B,ZTA1,HSP26,RPG1,TEF2,MUD1,SUP45,POP7,NGR1,PCS60,PBP2,YBR238C,ENP1,POP4,GBP2,YCL019W,YCL020W,SRO9,RPS14A,PWP2,PAT1,PRP9,MTF2,LHP1,MDH3,LUC7,SRP14,NOP14,DHH1,AIR2,VMA1,NHP2,CWC2,NOP6,WHI4,MAK21,RPS13,TMA64,CTH1,CPR1,YDR170W-A,SUP35,MSS116,REF2,GCD6,PCF11,PRP42,SNU56,PRP28,GCN2,SSD1,CFT1,SSF2,ESF1,PHO92,YRA1,EFT2,RPB7,TIF35,NPL3,UTP6,SNM1,PUF6,PSP1,SLF1,PAD1,EDC3,SNU13,HYP2,NUG1,TMA20,GCD11,EDC2,TPA1,THO1,VTC1,NUP157,LSM4,YER138C,LSM5,UBP3,PET122,BEM2,YER160C,PAB1,ECM32,YFL002W-A,LOC1,PUF4,RPL30,RPL24A,RNA15,TIF4632,MRH4,NUP145,LSG1,RPL28,ARC1,RMD9,PRP43,NAB2,RPS2,MRF1,XRN1,MPT5,NCS6,EDC1,TAN1,RTF1,GUS1,SNU71,POP6,RPL26B,YGR054W,UPF3,SMD1,GCD2,NOP7,UTP8,RPL24B,CCM1,CYS4,PTI1,NSR1,TIF4631,PBP1,TYS1,TDH3,PET54,YGR250C,SLH1,SCW4,RPL14B,STE20,RPS20,RIM4,SBP1,CBP2,MIP6,RRF1,RPP1,SSF1,KSP1,NAM8,RPF1,GAR1,GRE3,SET1,LSM12,IMP3,PRP8,IKI1,CRG1,YHR214C-B,IMD2,SNP1,ARC15,YIL082W-A,UTP25,RPL16A,POT1,SGN1,MRS1,LYS1,NOP9,MTR4,SCP160,UTP10,YJL113W,YJL114W,LSM1,AIM23,TIF2,RPB4,RPS14B,PRP21,CBP1,SUI2,TMA22,LSM8,YJR026W,YJR027W,YJR028W,YJR029W,ANB1,JSN1,FIP1,YMR1,RPL14A,MRT4,PRP40,URB1,PAN3,MPE1,MUD2,TEF4,MDH1,SHE2,EBP2,SNU114,LOS1,YRA2,GCN3,TIF1,RPF2,MLP1,SOF1,PUF3,DPS1,SSA2,YLL032C,MEU1,RPL15A,YLR035C-A,PET309,MEF1,CFT2,MSL5,DIP2,RMP1,SMD3,CBF5,HCR1,NOP56,UTP13,EST1,MAP1,YEF3,DBP9,YSH1,GCD7,YHC1,RPP0,NAM2,IKI3,SKI2,DUS3,YLR419W,SPP382,SEN1,IMD3,LSM3,RPL6B,SPT5,PSP2,YML039W,YML040W,YML045W,PRP39,RSE1,IMD4,RPL6A,SEC65,NAB6,CLU1,YMR045C,YMR046C,ERB1,YMR050C,YMR051C,RNA14,NAM7,UTP15,YKU80,RPL15B,STO1,TIF34,RPL36A,PFK2,RRP5,TIF11,PRP24,YKU70,HSH155,HAS1,NIP1,RLP7,HRB1,PUB1,RPL16B,IMP4,NOP15,DCP2,NAF1,THO2,LSM7,WHI3,POP1,LAP3,SUI1,NRD1,TEX1,GIS2,POL2,CUS2,PFS2,MPP6,BRE5,ESF2,DIS3,IFM1,NOP12,THP1,BRX1,PAP2,HRP1,TRM11,RPL25,CDC33,RRP40,DCP1,UTP23,STI1,RAT1,NOB1,BUD21,TMA46,CEX1,LEO1,EFT1,ARP8,RPB2,GLN4,SYC1,TUF1,BFR1,DED1,NOC2,DFR1,CLP1,GCD1,MOD5,NOP58,HSH49,MSC6,VTS1,PRT1,PRE10,PHR1,RQC2,RRP12,NOP4,RPS9A,ELP4,DBP1,NAN1,RPL5,NOP53,MEX67,CBC2,MRN1,NAB3,PUS1,BMS1,NEW1,SUI3,RPL36B,HTS1,TIF5,PUF2,BRR1,TEF1,SRP54,YTH1,MRD1,SCD6,RRP9,TIF3
3677	 DNA binding	351 out of 5601 genes, 6.3%	380 of 6338 genes, 6%	TFC3,FUN30,SAW1,OAF1,RFA1,HTB2,HTA2,HIR1,RRN6,MCM2,TOD6,TEL1,RTG3,HHF1,HHT1,EDS1,REB1,ORC2,RDH54,TEC1,RFC5,NHP6B,RAD16,TFC1,TBS1,SMP1,MED8,MCM7,HPC2,ERT1,THI2,ISW1,REI1,RIF1,DPB3,GBP2,HMLALPHA1,HMLALPHA2,RIM1,MATALPHA2,MATALPHA1,HCM1,RAD18,MSH3,HMRA2,RDS1,NHP10,RPN4,STP4,MBP1,BDF2,BRE1,ASM4,PHO2,CDC53,CMR1,UGA3,CDC13,NSI1,LYS14,NRG1,DBF4,PDC2,GIS1,MSH6,BMH2,FOB1,DPB4,SWI5,STB3,HMO1,UME6,UPC2,ADR1,RAD9,HTB1,HTA1,SIR4,MET32,YAP6,NSE3,HDA2,MHR1,RSC3,SUM1,SKP1,TFC6,XRS2,NCB2,RPB7,ARO80,CAD1,YHP1,STP1,LCD1,URC2,GCN4,MCM3,RAD23,MIG3,GLN3,ACA1,THO1,MOT2,DOT6,RAD51,NUP157,FLO8,SWI4,COM2,MAG1,SPT15,BUR6,SPT2,RAD4,CHD1,RPH1,RAD3,RAD24,BMH1,DMC1,TOG1,MSH4,SMC1,GAT1,HAC1,IOC3,SMC2,PHO4,RSC8,CNN1,PDR1,MIG1,DST1,RAD6,AFT1,HSF1,SNT2,CUP2,SUA5,SAE2,MCM6,MIG2,HAP2,FZF1,SWC4,RME1,TFC4,SPT4,YGR067C,TEL2,CBF2,NSR1,BRF1,MGA1,YAP3,RIM101,STP2,RSC30,STE12,ORC6,MSH1,CRP1,YHR177W,STB5,SKN7,EST3,CST6,VHR1,HOP1,YIL082W,XBP1,POG1,ASG1,FKH1,MCM10,MPH1,PRI1,RRN7,ZAP1,NET1,SIP4,GSM1,GZF3,SPT10,RPB4,RFA3,SWI3,GON7,CDC6,RAD7,CBF1,RFC2,RSF2,HIR3,MGM101,PUT3,SPT23,TFA1,IXR1,RGT1,PHD1,PRI2,CSE4,MSN4,MIF2,ABF1,RRN3,ASH1,YKL222C,KAE1,TFA2,BAS1,SIR1,ORC3,YLL054C,PPR1,RAD5,IOC2,CHA4,CDC45,CLF1,ACE2,STM1,RFX1,ECM22,EST1,HAP1,HSP60,RED1,NEJ1,MCM5,YLR278C,MEC3,ACO1,EST2,ILV5,STP3,SMC6,BDF1,SIR3,LEU3,RIF2,YAP1,YOX1,RRN11,PIF1,ORC1,WAR1,TDA9,RAD10,DAT1,SOK2,STB4,MAC1,MSN2,ARG80,MCM1,IOC4,MOT3,ABF2,YKU80,PSO2,NUP53,TPP1,PAH1,MLH1,CEP3,RGM1,RAD14,MRE11,YHM2,CAT8,YKU70,CRZ1,HHF2,HHT2,FKH2,IMP4,PMS1,THO2,SKO1,RTT106,RAP1,ADE12,LAP3,RAD50,GIS2,ORC5,POL2,RFC3,RFA2,DAL82,YAP7,SMC5,THP1,HAL9,MSH2,RFC4,NDJ1,INO4,MSN1,CTR9,CIN5,HIR2,DIA2,TFC7,AZF1,SFL1,YRR1,YRM1,RFC1,ISW2,TEA1,TYE7,HAP5,VTS1,RAD17,RDR1,TFC8,ECM23,RAD1,RMI1,MET31,CAM1,DIG1,GCR1,MOT1,RLM1,TFB2,HHO1,TBF1,RDS2,RAD53,CUP9,AFT2,USV1,GAL4,SUT2,CMR3,MCM4,SDD4,NHP6A,ROX1,FHL1,CTF4,ORC4,DPB2,HDA3,PZF1,ARR1
5198	 structural molecule activity	323 out of 5601 genes, 5.8%	350 of 6338 genes, 5.5%	SPC72,NUP60,RPL19B,STU1,MRPL16,KIP1,RPS8A,NUP170,RPL23A,MRP21,RPL32,RPL4A,RPS11B,TIP1,SPT7,RPL19A,MRPL36,MRPS9,RPS6B,RPS9B,RPL21A,MED8,TAF5,BEM1,MRPS5,MRPL37,MRPL27,CDC10,MRPL32,RPS14A,IMG1,MRP10,RPS29B,RPP1A,RPL13A,RPS16B,RPN6,NUP84,RPP1B,RPL41B,RPL35B,RPL41A,RPL35A,SEC31,MRPL11,RPL4B,RPS11A,RSM10,RPS13,SED1,SSS1,STE5,ARP10,MRX14,MRPL1,FIN1,HPR1,TAF12,TAF10,RSM24,NUP42,SPR28,MRPL7,CHL4,MHR1,TIM11,MRPL35,SWR1,MRPS28,MRP1,SPC110,RPP2B,MRP20,RPL12B,RPN9,RPS17B,RPS18A,MRPL28,RPL27B,RSM28,RPL37B,RML2,RPL12A,TIR1,BIM1,SPC25,SRB4,RSM18,RPL34A,RPS24A,RPS8B,NUP157,SHO1,RPS26B,RPL22B,ACT1,NIC96,RPL2A,RPL29,YMR31,RPL30,RPL24A,SGF73,MNP1,MPS2,RPL7A,NUP145,SPC105,SEH1,RPL28,TAF6,RPS2,RSM23,RPL1B,RPL9A,SPO74,NUP49,RPS26A,CHC1,RPS25A,RPL26B,SPR3,MRPL25,MRP13,RPL11B,RPS23A,NUP57,RPL24B,MRPS35,CLC1,PDX1,RPS0A,MRPL9,TAF1,RPL14B,MRP4,RPS20,ECM29,RPL8A,RPS27B,PPE1,CDC12,ARP1,RPL42B,MRPL6,SPC97,RPN10,RPS4B,RPL2B,RPL34B,ARC15,RPS24B,RSM25,RPL16A,NDC80,RPL40A,NUP192,NSP1,MHP1,NUP82,MRPL8,MRPL49,RPS21B,CIS3,HSP150,RPL17B,RPL39,RPS22A,RPS14B,NUP85,CDC11,RPL43B,RSM26,VPS25,RSM7,RPS5,RPS4A,MRP17,RPL14A,ARC19,SPC42,NUP120,NUP100,CWP1,CWP2,MRPL31,RSM22,RPS27A,PIR3,PIR1,MRP49,MRPL38,RPL17A,MRPL13,NUP133,MRPL20,RPL40B,SPA2,POM33,RPL8B,POM34,RPL15A,STU2,RPS0B,RPL22A,RPL10,CCW12,RPS31,RPL37A,YLR194C,SEC13,TUB4,ADY4,RED1,RPS28B,RPS30A,MRPL15,CDC3,RPL38,RPS25B,RPP0,RPS22B,RPS29A,CCW14,RPL31B,ATG17,MRPL4,RPS1A,RPL6B,MRPL39,RPS17A,RPS18B,USA1,NDC1,MFT1,RPS1B,RPL6A,NUP188,MRPL3,NUP116,PDS5,SPC24,RPL15B,POM152,RPL13B,MRPS8,MRPS17,MRPL24,RPL36A,UBP8,MRE11,MRPL44,RPS10B,TAF9,RPL20A,MRPL33,JNM1,MRP7,RPL9B,RPL16B,SWS2,RPS7B,YNL122C,SPC98,NAM9,RPL42A,MRPL22,RPS3,MRPL19,CNM67,MRPL17,MRPL10,RPL18B,RPS19B,MRPS18,KRE1,CSE2,MRPL50,ARC35,MRPS12,RSM19,RPP2A,RPS15,NUF2,SPO21,RPL18A,RPS19A,RPL25,SGT2,RPL3,RPS7A,NUP1,MRPL23,PET123,RPS28A,MPC54,RPS30B,RPL33B,CDC31,RPS10A,RPL20B,RPS12,NUD1,MRPS16,RPL21B,RPS9A,RPS6A,MRP51,SPC29,RPL5,RPL33A,MRPL40,RTC6,RPL1A,RPL36B,BBP1,RPL43A,ATG11,MRPL51,RPL11A,RPN7,RPS23B,MRP2
22857	 transmembrane transporter activity	285 out of 5601 genes, 5.1%	317 of 6338 genes, 5.0%	FUN26,FLC2,PET9,COR1,ATP1,FUR4,ATP3,QDR3,BAP2,TAT1,AAC3,YMC2,VMA2,RIM2,FTH1,VHC1,YBR241C,SSH1,CTP1,VBA2,SUL1,PCA1,PHO89,MAL31,AGP1,VBA3,GEX1,ADP1,FEN2,PHO87,ERS1,GIT1,ATP16,COX9,VCX1,VMA1,GGC1,YDL199C,TIM22,HXT15,MPH2,SNQ2,ENA5,ENA2,ENA1,BAP3,SSS1,YCF1,MSC2,CCC2,ATP5,TIM11,YDR338C,HXT7,HXT6,HXT3,YPQ2,BCS1,ATP17,ATO3,YDR387C,PDR15,NHX1,ITR1,GNP1,STL1,YEA4,VMA3,SPF1,VMA8,CAN1,SIT1,HXT13,PIC2,FCY2,FCY21,FCY22,AVT6,FTR1,OXA1,DNF1,HXT10,YFL040W,ALR2,YFL054C,AGP3,QCR6,PMC1,PMA1,HNM1,VPS73,FLC3,PMR1,COX4,COX13,VRG4,ZRT1,VMA7,MUP1,TOM20,TPC1,MEP1,TPO2,QCR9,HIP1,CCH1,MPC3,TNA1,YOR1,MAL11,DUR3,ARN1,ARN2,QCR10,LEU5,VMA16,VMA10,SMF2,COX6,HXT4,HXT5,TOM71,MPC2,CTR2,YIA6,PDR11,YKE4,NEO1,AVT7,COX5B,QDR1,QDR2,FLX1,DAL4,TIM54,TOK1,KHA1,TRK1,MRS3,QCR8,PHO90,OPT1,HXT8,AVT1,GEF1,KCH1,MIR1,SFC1,ATP2,DAL5,HXT16,MPH3,ATP7,MNR2,VMA5,OAC1,AVT3,TPO5,ZRT3,PXA2,STE6,JEN1,GAP1,TRK2,MRS4,NFT1,BPT1,TPO1,FPS1,YBT1,YCT1,MMP1,SMF3,COX12,GAL2,SUL2,ZRT2,NHA1,MDL1,CCC1,THI7,CSC1,ATP14,DIC1,SEC61,COX8,CTR3,VMA6,YMD8,PRM6,ATP18,ATR1,PHO84,HXT2,STV1,AAC1,FET3,VBA1,MME1,TOM40,YHM2,ZRC1,COX7,YMR279C,ATM1,FET4,SAM50,COX5A,POR1,AQR1,TOM7,SAL1,AVT4,TOM70,TOM22,MEP2,LYP1,BOR1,MID1,HXT14,VNX1,ATO2,PHO91,TIM23,ZRG17,HOL1,BIO5,TAT2,YOL075C,YPQ1,ITR2,SMF1,ALR1,HXT11,ENB1,YOL162W,YOL163W,AUS1,TOM6,NRT1,ATX2,YVC1,CRC1,ORT1,PDR5,ODC2,VPH1,TPO4,TIM18,COT1,PDR10,VMA4,MRS2,PUT4,AMF1,FEX1,PMA2,PDR12,MFM1,TIM50,ATP4,SSU1,ODC1,PXA1,FLC1,VMA11,HUT1,DIP5,MDL2,ATP15,SAM3,FEX2,YPR011C,ATP20,AGC1,VMA13,YMC1,CTR1,ANT1,TOM5,MEP3,QCR2,AQY1,SGE1,ARR3
16491	 oxidoreductase activity	265 out of 5601 genes, 4.7%	280 of 6338 genes, 4.4%	GCV3,BDH1,BDH2,GDH3,COR1,PRX1,BNA4,UGA2,GRX7,SCO2,ETR1,PDX3,SCO1,ZTA1,MIS1,LYS2,ADH5,ARA1,RIB7,IFA38,TYR1,MET8,PDB1,GPX2,TSC10,LEU2,FRM2,HIS4,MXR2,GRX1,PDI1,TRX3,ADH7,AAD3,TSC13,GPD1,IDP1,COX9,MDH3,NDE2,YFH1,YDL124W,SFA1,GLT1,DLD1,DLD2,GDH2,AAD4,SOR2,GCV1,HEM13,GIS1,GRX3,ARO1,HOM2,SDH4,CTA1,SUR2,TRR1,YPR1,ARH1,TSA2,GRX2,EUG1,YDR541C,FRD1,DLD3,HEM14,PRO3,MXR1,TPA1,JHD1,ARG5,6,RNR1,ALD5,SER3,COX15,RPH1,GRX4,PDA1,LPD1,FET5,AAD6,MET10,QCR6,YMR31,ERG26,ERG4,YGL039W,OLE1,MET13,ARO2,ARI1,AIM14,YGL185C,COX4,COX13,ADH4,ERV1,ERG25,CTT1,ERG1,RNR4,QCR9,TDH3,ADE3,TRX2,YHB1,COQ6,GND2,QCR10,ERG11,SOD2,PUT2,NCP1,COX6,CUP1-1,CUP1-2,PAN5,GRE3,TRR2,FMO1,OYE2,GND1,IMD2,EPS1,DOT5,CBR1,DFG10,RNR3,SER33,LYS12,COX5B,AYR1,KGD1,GUT2,LYS1,HYR1,GTT1,RNR2,YJL045W,TDH1,QCR8,TDH2,BNA1,OSM1,LIA1,BNA2,YJR096W,SOD1,JHD2,MET5,HOM6,SOR1,GPX1,MAE1,OAR1,MDH1,SDH3,SDH1,MCR1,FAS1,MIA40,URA1,FRE2,FOX2,CCP1,MTD1,SDH2,FRE6,JLP1,LOT6,COX12,TRX1,FRE8,ERG3,XYL2,ERG27,AHP1,PUT1,SHH4,IDP2,HMX1,FRE1,ILV5,GRX8,COX8,DUS3,DUS4,IMD3,HMG2,TSA1,CYB2,IMD4,HMG1,DUS1,ALO1,NDI1,PGA3,ERO1,ADI1,ERG5,FMS1,ARA2,FET3,ADH3,HFD1,NDE1,ALD3,ALD2,GCV2,YMR226C,COX7,SCS7,ADH2,YMR315W,ADH6,IDP3,IDH1,COX5A,YNL134C,YNL181W,SPS19,URE2,NAR1,ZWF1,GOR1,ERG24,AAD14,SMM1,LYS9,FRE4,GPD2,ADH1,MPD2,MDH2,FRE7,AAD15,CYC2,CAT5,IDH2,DFR1,ENV9,MPD1,PRO2,ALD4,GDH1,FRE3,FRE5,FDH1,MET12,GRX5,ALD6,YPL088W,GLR1,YPL113C,OYE3,FAS2,YAH1,FDH2,YPL276W,ERV2,TAH18,MET16,QCR2
16887	 ATPase activity	248 out of 5601 genes, 4.4%	263 of 6338 genes, 4.1%	SSA1,FUN30,DRS2,PIM1,MCM2,SSA3,ATP1,OLA1,ATP3,RDH54,SEC18,RFC5,RAD16,VMA2,MAK5,PCH2,MCM7,MCX1,PRP5,ISW1,SNF5,PCA1,POF1,ADP1,HTL1,RSC6,RAD18,CDC50,ATP16,RPT2,ARP2,DBP10,SUB2,GET3,CDC48,DHH1,AIR2,VMA1,SSB1,RAD57,SNQ2,FAL1,ENA5,ENA2,ENA1,SNF11,RAD55,RLI1,DNF2,MSH6,YCF1,RVB1,MSS116,PRP28,HSP78,CCC2,HRQ1,ATP5,RSC3,TIM11,IRC3,BCS1,ATP17,RPT3,PDR15,DYN2,PAC11,SPF1,MCM3,VMA8,CIN8,PRP22,AFG3,ARB1,SAP1,RAD51,SSA4,CHD1,DNF1,RAD3,BRR2,RAD24,SPB4,SMC1,CAF16,SWP82,YFH7,GCN20,IOC3,SMC2,RSC8,IRC5,PMC1,PMA1,RPT6,RAD6,MRH4,DBP3,NBP35,PRP43,INO80,RAD54,PMR1,ROK1,MCM6,KIP3,VMA7,MSP1,RSC1,BUD32,RTT102,YOR1,SNF6,VMA16,VMA10,RSC30,RRP3,MSH1,DBP8,IKI1,CFD1,EST3,PDR11,NEO1,STH1,SSL2,HCA4,KAR2,MTR4,SMC3,ARP4,TIF2,HSP150,SWI3,CDC6,RAD26,SSC1,RAD7,RFC2,NPA3,ATP2,ATP7,HCS1,VMA5,RPT1,PXA2,PEX1,STE6,RSC4,DBP7,TIF1,PRP16,NFT1,DRS1,SSA2,HSP104,RIX7,YBT1,RAD5,RSC58,SMC4,IOC2,MDN1,MDL1,YEF3,HSP60,MCM5,DBP9,ATP14,SFH1,RSC2,AFG2,SPP382,SEN1,VMA6,ORC1,ATP18,RSC9,ARP9,IOC4,STV1,NAM7,YTA12,NPL6,DNF3,MLH1,DDR48,HSC82,SGS1,CIK1,HAS1,ATM1,ARP5,PMS1,TOP2,DBP2,SSB2,MGS1,RAD50,RFC3,LEM3,PEX6,SNF12,DBP6,SMC5,YOL075C,MSH2,RFC4,HMI1,PAP2,AUS1,DBP5,RSB1,ECM3,RPT5,ARP8,PDR5,ULS1,DED1,RFC1,RPT4,VPH1,ISW2,PDR10,VMA4,SWI1,SUV3,PMA2,YTA6,ATP4,MOT1,ELP4,TAF14,PXA1,MLH3,NEW1,VMA11,RVB2,HSP82,MDL2,ATP15,MCM4,ATP20,YME1,ARP7,VMA13,KAR3,VPS4
30234	 enzyme regulator activity	213 out of 5601 genes, 3.8%	230 of 6338 genes, 3.6%	GIP4,CLN3,PEX22,GPB2,BUD14,PSY4,SEC17,SHP1,SKT5,CSG2,POL30,FES1,CKS1,IRA1,SLI15,SSE2,ATG12,RGD1,ILV6,STE50,LRE1,PMP1,SYP1,YIH1,SED4,RPP1A,CYK3,CDC48,PCL2,RPP1B,RDI1,CLB3,PCL9,INH1,GLE1,CDC13,GCS1,GYP7,LRG1,REG1,DBF4,AHA1,RAD9,GIC2,KEI1,FRQ1,RGA2,YRA1,RPP2B,SAC7,AGE1,MMS21,PRE1,GIP2,PCL6,PUP3,SHC1,GLO3,VFA1,GDI1,BEM2,PAB1,BLM10,MDJ1,GYP8,CAK1,MOB2,RGD2,YPI1,IGD1,CDH1,CKB1,SGF73,ARC1,SNF4,CDC20,PCL10,YRB30,GTS1,CDC55,COX13,GCN1,RAI1,LST7,GCD2,DRN1,MDR1,CLB1,CLB6,TFG1,AMA1,PHO81,PXR1,NEL1,GIC1,PCL5,BZZ1,SPL2,YHR138C,BCY1,AGE2,PIG2,PCL7,MOB1,NUP159,RPI1,RRD1,GYP6,DPB11,SRS2,FAR1,SSC1,BFA1,IML1,LHS1,BUD2,RCN1,LST4,SDS22,MNN4,TOF2,GCN3,NAP1,SIS2,PXL1,SSK1,PAM18,RLP24,RFU1,SIC1,XDJ1,TFS1,VTA1,CLB4,BUR2,DCS1,PIG1,GCD7,BUD6,ATG17,SST2,GAL80,SML1,PIF1,TSL1,CDC5,CCS1,BUB2,ASC1,HLJ1,PAI3,CLN1,RNA1,ROY1,TPS3,CUE1,ZDS1,GLC8,LST8,PBI2,SSN8,YDJ1,APJ1,INN1,IGO1,PSY2,MGS1,JJJ1,HCH1,PCL1,MSB3,MCK1,MDJ2,SEC12,ESF2,PHO80,RCL1,SIL1,RPP2A,IRA2,MSB4,DCP1,RTS1,STI1,CKB2,WHI2,STD1,VHS3,GYP1,RGS2,RGA1,BAG7,SPP2,GAC1,MGE1,GPB1,RMI1,OAZ1,BRO1,SSE1,CAR1,BEM3,GIP3,ATG5,PCL8,GYP5,CLN2,ACM1,CCL1,TIF5,CLB2,SEC23,ATG13
3735	 structural constituent of ribosome	206 out of 5601 genes, 3.7%	231 of 6338 genes, 3.6%	RPL19B,MRPL16,RPS8A,RPL23A,MRP21,RPL32,RPL4A,RPS11B,RPL19A,MRPL36,MRPS9,RPS6B,RPS9B,RPL21A,MRPS5,MRPL37,MRPL27,MRPL32,RPS14A,IMG1,MRP10,RPS29B,RPP1A,RPL13A,RPS16B,RPP1B,RPL41B,RPL35B,RPL41A,RPL35A,MRPL11,RPL4B,RPS11A,RSM10,RPS13,MRX14,MRPL1,RSM24,MRPL7,MHR1,MRPL35,MRPS28,MRP1,RPP2B,MRP20,RPL12B,RPS17B,RPS18A,MRPL28,RPL27B,RSM28,RPL37B,RML2,RPL12A,RSM18,RPL34A,RPS24A,RPS8B,RPS26B,RPL22B,RPL2A,RPL29,YMR31,RPL30,RPL24A,MNP1,RPL7A,RPL28,RPS2,RSM23,RPL1B,RPL9A,RPS26A,RPS25A,RPL26B,MRPL25,MRP13,RPL11B,RPS23A,RPL24B,MRPS35,RPS0A,MRPL9,RPL14B,MRP4,RPS20,RPL8A,RPS27B,PPE1,RPL42B,MRPL6,RPS4B,RPL2B,RPL34B,RPS24B,RSM25,RPL16A,RPL40A,MRPL8,MRPL49,RPS21B,RPL17B,RPL39,RPS22A,RPS14B,RPL43B,RSM26,RSM7,RPS5,RPS4A,MRP17,RPL14A,MRPL31,RSM22,RPS27A,MRP49,MRPL38,RPL17A,MRPL13,MRPL20,RPL40B,RPL8B,RPL15A,RPS0B,RPL22A,RPL10,RPS31,RPL37A,RPS28B,RPS30A,MRPL15,RPL38,RPS25B,RPP0,RPS22B,RPS29A,RPL31B,MRPL4,RPS1A,RPL6B,MRPL39,RPS17A,RPS18B,RPS1B,RPL6A,MRPL3,RPL15B,RPL13B,MRPS8,MRPS17,MRPL24,RPL36A,MRPL44,RPS10B,RPL20A,MRPL33,MRP7,RPL9B,RPL16B,SWS2,RPS7B,YNL122C,NAM9,RPL42A,MRPL22,RPS3,MRPL19,MRPL17,MRPL10,RPL18B,RPS19B,MRPS18,MRPL50,MRPS12,RSM19,RPP2A,RPS15,RPL18A,RPS19A,RPL25,RPL3,RPS7A,MRPL23,PET123,RPS28A,RPS30B,RPL33B,RPS10A,RPL20B,RPS12,MRPS16,RPL21B,RPS9A,RPS6A,MRP51,RPL5,RPL33A,MRPL40,RTC6,RPL1A,RPL36B,RPL43A,MRPL51,RPL11A,RPS23B,MRP2
16301	 kinase activity	185 out of 5601 genes, 3.3%	195 of 6338 genes, 3.1%	PSK1,KIN3,CDC15,ALK2,FUS3,TEL1,PKC1,GAL1,YPK3,AKL1,VPS15,MEC1,CDC28,CHK1,KCC4,GLK1,SAT4,PGK1,RBK1,SSK22,KIN82,CDC7,MPS1,MRK1,DUN1,KIN28,STE7,KCS1,KIN1,ARO1,EKI1,ARG82,CAB5,MSS4,ADK1,FMN1,VHS1,GCN2,PRO1,IPK1,SIP1,GUK1,PKH3,SNF1,PKH1,GIN4,SPS1,CAB1,YEF1,GAL83,HOM3,ARG5,6,YCK3,ADK2,CAK1,RIM15,DAK2,YFH7,CMK1,FAB1,HXK1,ALK1,PKP2,SNF4,COQ8,RCK1,TOS3,ATG1,SIP2,HXK2,KSS1,FMP48,DBF2,BUB1,XKS1,PFK1,BUD32,STE20,GUT1,SLT2,IRE1,KSP1,KIC1,YCK1,SCH9,CKA1,PKP1,PRK1,PFK26,SLN1,VTC4,IKS1,TRL1,BCK1,LSB6,IME2,YAK1,TPK1,HAL5,SWE1,UTR1,CDC8,PTK2,TOR1,ADO1,URA6,ELM1,YNK1,HSL1,PRR1,YPK1,CTK1,KDX1,TPK3,KKQ8,NNK1,PTK1,TOR2,KNS1,GRC3,KIN2,HOG1,CKI1,VPS34,RCK2,LCB5,STT4,YLR345W,STE11,VIP1,DAK1,CDC5,SEC59,RIM11,PFK2,ERG12,SKY1,ERG8,MRE11,TDA1,ARK1,NRK1,YCK2,CBK1,NPR1,RIO2,RAD50,PIK1,CLA4,MCK1,URK1,BUD17,SSK2,FPK1,CMK2,PSK2,THI20,PKH2,SKM1,YGK3,PFK27,CKA2,RIO1,LCB4,MKK1,KIN4,HRK1,DGK1,MEK1,SKS1,PHO85,SSN3,MKK2,FRK1,YPL150W,RAD53,POS5,TPK2,HRR25,IPL1,THI6,ENV7,THI21,ISR1,SGV1
43167	 ion binding	174 out of 5601 genes, 3.1%	179 of 6338 genes, 2.8%	FUN12,RBG1,GEM1,NUP60,SWH1,YBL036C,BOI1,PDX3,SCO1,CMD1,TEF2,CCZ1,BEM1,MCM7,MCX1,RGD1,PAF1,PCA1,KCC4,CDC10,RBK1,TUP1,OSH2,ARP2,VAM6,ASM4,ATG20,YFH1,GLE1,SHS1,VPS41,RLI1,MSH6,BMH2,STE5,ENT5,NVJ3,IVY1,CCC2,PMP3,SRP101,GIC2,TFB1,PIB1,PEP7,TRR1,VPS74,FRQ1,SNX41,ADA2,AGE1,SEC3,GCD11,TPA1,BOI2,SCS2,RSP5,BMH1,SEC4,CDC4,FAB1,ATG18,SMC2,NBP35,ARC1,MON1,CUP2,PMR1,COX4,VAM7,RTF1,ACB1,PEF1,THI4,GTR2,RBG2,TDA10,HSV2,MTM1,YLF2,CUP1-1,CUP1-2,OSH3,YPT35,CDC12,GGA2,RPC10,EGD2,RHO3,SNX4,NSP1,ZAP1,EXO70,ATG27,CDC6,ARP3,CDC11,BUD4,JJJ3,ENT3,LHS1,YKL091C,CMC1,SDH1,SRP102,CNB1,OSH6,SPO14,YKR078W,COX17,COX19,SSA2,HSP104,ISA1,PPR1,PEP3,TFS1,CDC3,ROM2,VPS33,CDC73,ORC1,MDM1,MVP1,MSS1,CCS1,YTA12,ILV2,NUP53,MLH1,SSO2,RAD14,PEP5,SLM2,PMS1,SAL1,RAS2,INN1,ATX1,ORC5,SEC2,VPS27,AVO1,MSH2,CDC33,RRP40,CTR9,CRS5,DBP5,VPS5,SKI7,PFY1,LEO1,VPS17,RPB10,SNX3,VPS16,CAM1,NOG1,ATG21,SSE1,CAR1,BEM3,COX11,ISU1,KES1,BMS1,NEW1,SSO1,DSS4,ISA2,TEF1,YPR097W,VPS4
3729	 mRNA binding	165 out of 5601 genes, 2.9%	172 of 6338 genes, 2.7%	RFA1,UTP20,HEK2,PIN4,HSP26,RPG1,NGR1,PCS60,PBP2,YBR238C,GBP2,SRO9,RPS14A,PWP2,PAT1,MDH3,LUC7,DHH1,VMA1,MAK21,CTH1,CPR1,SUP35,MSS116,PCF11,SNU56,SSD1,PHO92,NPL3,PUF6,PSP1,SLF1,PAD1,EDC3,NUG1,EDC2,VTC1,UBP3,BEM2,PAB1,ECM32,LOC1,PUF4,RNA15,TIF4632,LSG1,RMD9,PRP43,NAB2,XRN1,MPT5,EDC1,GUS1,YGR054W,UPF3,SMD1,NOP7,CYS4,NSR1,TIF4631,PBP1,TYS1,YGR250C,SLH1,SCW4,STE20,RPS20,SBP1,KSP1,NAM8,GRE3,PRP8,CRG1,IMD2,SNP1,ARC15,POT1,LYS1,NOP9,MTR4,SCP160,LSM1,CBP1,JSN1,YMR1,URB1,MUD2,MDH1,SHE2,EBP2,MLP1,SOF1,PUF3,YLL032C,MEU1,PET309,SMD3,CBF5,NOP56,MAP1,DBP9,YHC1,NAM2,SKI2,DUS3,YLR419W,SEN1,IMD3,SPT5,PSP2,IMD4,NAB6,CLU1,NAM7,STO1,PFK2,RRP5,HSH155,NIP1,RLP7,HRB1,PUB1,DCP2,THO2,WHI3,LAP3,NRD1,TEX1,GIS2,POL2,BRE5,PAP2,HRP1,DCP1,STI1,RAT1,TMA46,ARP8,RPB2,GLN4,BFR1,DED1,NOC2,DFR1,NOP58,MSC6,PRE10,PHR1,RQC2,RRP12,NOP4,DBP1,NAN1,MEX67,MRN1,NAB3,PUS1,BMS1,NEW1,SUI3,HTS1,PUF2,MRD1,SCD6,TIF3
1071	 nucleic acid binding transcription factor activity	153 out of 5601 genes, 2.7%	162 of 6338 genes, 2.6%	TFC3,OAF1,PDR3,RRN6,RTG3,TEC1,TFC1,SMP1,TAF5,ERT1,PAF1,MAL33,KAR4,HMLALPHA2,MATALPHA2,TAF2,HCM1,RPN4,MBP1,PHO2,UGA3,LYS14,NRG1,GIS1,INO2,TAF12,SWI5,TAF10,UME6,UPC2,ADR1,MET32,YAP6,SUM1,TFC6,ARO80,CAD1,STP1,GCN4,MIG3,GLN3,ACA1,FLO8,SWI4,SPT15,RPH1,TOG1,GAT1,HAC1,PHO4,PDR1,MIG1,AFT1,HSF1,TAF6,CUP2,MIG2,HAP2,FZF1,RME1,TFC4,SPT6,MGA1,TAF1,MAL13,YAP3,RIM101,STP2,STE12,STB5,SKN7,CST6,VHR1,XBP1,FKH1,YAP5,RRN7,ZAP1,SIP4,GSM1,GZF3,CBF1,RSF2,PUT3,RGT1,PHD1,MSN4,HAP4,ABF1,ASH1,OAF3,BAS1,YLL054C,PPR1,CHA4,ACE2,RRN5,ECM22,HAP1,LEU3,YAP1,TAF11,RRN11,WAR1,TAF13,TAF8,TAF4,SOK2,MAC1,MSN2,ARG80,MCM1,GAT2,MSS11,HOT1,RGM1,TAF7,TAF9,RRN9,CAT8,FAP1,CRZ1,SKO1,RAP1,DAL82,RTG1,INO4,HMS1,TFC7,AZF1,SFL1,YRR1,YRM1,WTM2,TYE7,HAP5,RDR1,TFC8,TAF3,MET31,CAM1,GCR1,RLM1,TBF1,TAF14,RDS2,CUP9,AFT2,GAL4,HAA1,ROX1,PZF1,ARR1
988	 transcription factor activity, protein binding	121 out of 5601 genes, 2.2%	124 of 6338 genes, 2%	TFC3,HIR1,RRN6,ROX3,TEC1,CYC8,TFC1,MED8,PAF1,SGF29,HMLALPHA1,MATALPHA1,SRB8,TUP1,HMRA1,MED2,KIN28,UGA3,NRG1,SWI5,UME6,ADR1,CRF1,MET32,YAP6,TFB1,TFC6,SPT3,NCB2,SSN2,ADA2,YHP1,TFB3,GCN4,SRB4,SPT15,BUR6,RAD3,GAT1,PGD1,DST1,GTS1,RTF1,RTG2,TFG2,TFC4,SPT4,SRB5,SPT6,TFG1,BRF1,GCN5,OPI1,MED6,VHR1,SSL2,IMP2',DAL81,RRN7,CBF1,IME1,HIR3,RGT1,TOA2,HAP4,RRN3,BAS1,SSL1,SPT8,SWI6,IFH1,SFP1,CDC73,SPT5,YOX1,RRN11,ARG81,SUB1,MCM1,MED11,MTF1,BDP1,FKH2,MET4,SKO1,GCR2,RAP1,URE2,SIP3,STB1,RPD3,NRM1,CSE2,SIN3,GAL11,CTR9,SPT20,HIR2,WHI5,TFC7,LEO1,SFL1,TOA1,WTM2,WTM1,MBF1,NDD1,TFC8,MET31,TFB2,TAF14,UME1,CUP9,GAL4,HFI1,CCL1,TFB4,ROX1,SUA7,SPN1,PZF1
8233	 peptidase activity	108 out of 5601 genes, 1.9%	138 of 6338 genes, 2.2%	YAR009C,YBL005W-B,PIM1,UBP13,MAP2,YBL100W-B,YBR012W-B,UBP14,YBR139W,DUG2,APE3,YCL019W,PRD1,RRT12,UBP1,RRI1,VMS1,DOA4,MKC7,YPS7,CYM1,SOM1,PRB1,AFG3,ICP55,UBP9,YER138C,UBP5,UBP3,YER160C,YFL002W-A,OTU1,RPN11,UBP6,DUG1,KEX1,YPS5,ESP1,PCP1,MAS2,RPN1,DAP2,AAP1,APE4,ECM14,WSS1,YHR214C-B,BAR1,ULP2,RPN2,YIL082W-A,UBP7,SEC11,YPS6,PRE3,YJL113W,SSY5,CPS1,UBP12,YJR027W,YJR029W,YUH1,STE24,YPF1,APE1,OCT1,APE2,OMA1,UBP11,SPC3,YPS1,YPS3,MAP1,ECM38,STE23,YML039W,YML045W,SPC2,IMP2,YMR045C,YMR050C,YTA12,IMP1,RIM13,UBP8,RCE1,PRC1,UBP15,SNO4,LAP2,NMA111,UBP10,DUG3,ATG4,KEX2,LAP3,YOL057W,YSP3,UBP2,PUP1,MCA1,HSP33,ULP1,UBP16,PEP4,YME1,PRE2,AXL1
3682	 chromatin binding	98 out of 5601 genes, 1.7%	102 of 6338 genes, 1.6%	FUN30,HIR1,MCM2,BRN1,ORC2,NHP6B,TAF5,MCM7,HPC2,ISW1,PAF1,HTL1,TAF2,PAT1,MCD1,SIR2,SCM3,DHH1,DPB4,TAF12,TAF10,REF2,SIR4,ZIP1,HDA2,YCG1,NCB2,DOT1,ADA2,PLM2,GCN4,MCM3,THO1,SPT15,BUR6,CHD1,IOC3,SMC2,LIF1,TAF6,SLD3,XRN1,SPT16,SPT6,YTA7,TAF1,IPI1,RIX1,IMD2,IRR1,ARP4,LSM1,SPT10,GON7,CDC6,HIR3,BYE1,KTI12,KAE1,SIR1,ORC3,NOC3,ARP6,SMC4,IOC2,CDC45,HOG1,CLF1,TOS4,RED1,YCS4,MCM5,BDF1,CDC73,SIR3,PDP3,TAF11,VPS71,ORC1,POB3,TAF4,SUB1,TAF9,HDA1,DCP2,IPI3,RAP1,HTZ1,HIR2,ELG1,ISW2,HAT1,TAF3,TBF1,SPP1,NHP6A,CTF4,HDA3
8289	 lipid binding	97 out of 5601 genes, 1.7%	101 of 6338 genes, 1.6%	NUP60,SWH1,BOI1,IST2,CCZ1,BEM1,RGD1,KCC4,CDC10,RVS161,TUP1,OSH2,VAM6,ASM4,ATG20,GLE1,VPS41,STE5,ENT5,NVJ3,IVY1,PMP3,GIC2,TFB1,PIB1,PEP7,YSP2,VPS74,RVS167,SNX41,ADA2,AGE1,SEC3,BOI2,SCS2,RSP5,FAB1,ATG18,ARC1,MON1,VAM7,PIL1,HSV2,OSH7,OSH3,LAM4,YPT35,CDC12,GGA2,EGD2,SNX4,NSP1,PRY1,EXO70,ATG27,CDC11,ENT3,YKL091C,SHE2,OSH6,PRY2,SPO14,YKR078W,PEP3,TFS1,CDC3,ROM2,VPS33,NBP1,TCB3,MDM1,MVP1,NUP53,SSO2,PEP5,SLM2,TCB2,INN1,SEC2,VPS27,AVO1,CDC33,VPS5,TCB1,PFY1,VPS17,HES1,SNX3,LSP1,VPS16,CAM1,ATG21,BEM3,KES1,SSO1,NVJ2,YPR097W
4518	 nuclease activity	95 out of 5601 genes, 1.7%	136 of 6338 genes, 2.1%	NTG1,CCR4,POP5,YAR009C,YBL005W-B,POP8,APN2,YBL055C,YBL100W-B,YBR012W-B,MMS4,POP7,SLX1,POP4,YCL019W,NPP1,POL3,HO,DIN7,RNH202,DXO1,NPP2,YEN1,YER138C,YER160C,YFL002W-A,PAN2,XRN1,SAE2,RAI1,POP6,RAD2,RNH70,SPO11,RPP1,IRE1,YHR214C-B,YIL082W-A,RPR2,YJL113W,NUC1,POL31,YJR027W,YJR029W,POL32,CCE1,PAN3,RAD27,APN1,DBR1,TRM2,TRZ1,REX2,SEN2,REX3,SLX4,RNH203,YSH1,YML039W,YML045W,OGG1,RPM2,RAD10,NGL3,YMR045C,YMR050C,PSO2,MRE11,RNH1,RNT1,NGL2,DSS1,RNH201,MKT1,RPS3,POP1,POL2,POP3,POP2,RCL1,DIS3,NGL1,NTG2,REX4,RRP6,EXO1,RAT1,NOB1,DDP1,HNT3,MIP1,RAD1,SUV3,SEN54,RNY1
16874	 ligase activity	94 out of 5601 genes, 1.7%	97 of 6338 genes, 1.5%	ACS1,ADE1,URA7,ILS1,PET112,FAT1,MIS1,GRS1,DUR1,2,PYC2,PCS60,SLM5,BPL1,CDC9,SES1,MSW1,YDR341C,UBA2,FAA2,AIM10,FAU1,FRS2,SNZ3,PYC1,ADE5,7,GUS1,ADE6,VAS1,GTF1,ASN2,MSM1,TYS1,ADE3,LSC2,MES1,DIA4,DED81,YHR020W,QNS1,MSR1,ATG7,FAA3,THS1,CAB2,PAN6,AIM22,TRL1,GSH1,URA2,URA8,CPA2,RMA1,MST1,UBA1,DPS1,FRS1,DPH6,ACS2,LIP2,NAM2,FOL3,HFA1,GUA1,HER2,MSK1,ADE12,YNL247W,SNZ2,ACC1,BIO4,MSE1,GSH2,ARG1,WRS1,DNL4,LSC1,GLN4,LIP5,MET7,CPA1,FAA1,ALA1,ULA1,ISM1,MSY1,MSD1,CDC60,HTS1,GLN1,MSF1,UBA3,GRS2,ASN1,AOS1
16757	 transferase activity, transferring glycosyl groups	91 out of 5601 genes, 1.6%	96 of 6338 genes, 1.5%	PMT2,ALG3,GPI18,MNN2,CHS3,CHS2,ALG14,ALG1,TPS1,CSH1,KTR4,KTR3,HIS7,PBN1,PMT5,PMT1,MNN10,TRP4,HPT1,KRE2,GLC3,ANP1,UTR2,MNN1,HIS1,GSY1,BNA6,STT3,OCH1,ALG13,ALG2,GPI10,MNT2,GSC2,CRH1,GPI1,DIE2,FUR1,MNT3,KTR7,OST1,GLG2,YUR1,MNN11,MNN5,GPI14,HOC1,XPT1,PMT4,AUR1,GLG1,KTR2,MEU1,ATG26,PNP1,GSY2,FKS1,APT1,TSL1,URA5,VAN1,SWP1,TPS3,URA10,RIT1,ADE4,FKS3,GPI15,ALG11,PGA1,DUG3,CHS1,ALG9,ALG12,MNT4,ALG6,ALG8,OST3,KTR1,SMP3,NPT1,GNT1,PMT3,KRE5,MNN9,SUR1,SPT14,ALG5,GPH1,DPM1,GDB1
16829	 lyase activity	90 out of 5601 genes, 1.6%	90 of 6338 genes, 1.4%	CYS3,NTG1,CYC3,APN2,MET8,CHA1,THR4,HEM12,ARO1,LYS4,DPL1,ARO10,RIB3,HSP31,PAD1,FDC1,URA3,GLY1,YER010C,ICL1,ILV1,TRP2,DDI2,IRC7,LEU1,TRP5,HEM2,ARO2,STR3,DSD1,PDC6,CYS4,PSD2,ENO1,TCD1,ARG4,HTD2,YHR112C,ENO2,DAL3,CYR1,PHS1,ACO2,ILV3,MDE1,TCD2,FBA1,CYT2,CAB3,APN1,YKL151C,FAS1,SPE1,TRP3,SRY1,FOX2,SIS2,PCK1,PDC1,PDC5,PUS5,MET17,ACO1,ADE13,GLO1,OGG1,YML082W,GAD1,ABZ2,ERR3,NCE103,PSD1,RPS3,FOL1,PHA2,DDI3,MVD1,NTG2,SPE2,PAP2,VHS3,ADE2,HEM15,HIS3,HEM4,PHR1,ERR1,FUM1,ERR2,ICL2
16779	 nucleotidyltransferase activity	90 out of 5601 genes, 1.6%	121 of 6338 genes, 1.9%	YAR009C,YBL005W-B,POL12,YBL100W-B,YBR012W-B,GAL7,CDS1,RPB5,DPB3,YCL019W,POF1,APA1,POL4,FAD1,PSA1,POL3,QRI1,RPO21,RPC53,AIR2,RPC11,DPB4,RPA14,RPB7,RAD30,POL5,YER138C,YER160C,CCA1,YFL002W-A,RPO41,RPB9,CEG1,ECT1,NMA2,THG1,TAM41,PCT1,CAB4,RPC10,YHR214C-B,RPB3,AIR1,YIL082W-A,REV7,PRI1,RPC17,YJL113W,RPB4,RPA34,POL31,MET3,YJR027W,YJR029W,POL32,RPA12,UGP1,PRI2,RPC25,PAP1,RPC37,EST2,NMA1,YML039W,YML045W,YMR045C,YMR050C,POL1,RPC19,RPC31,RPA49,POL2,TRF5,RPC34,RPB11,PAP2,RPO31,RPB2,RET1,RPB10,RPB8,MIP1,RPA43,RPA190,REV1,REV3,RPA135,RPC40,DPB2,RPC82
16791	 phosphatase activity	88 out of 5601 genes, 1.6%	94 of 6338 genes, 1.5%	SPO7,TPD3,PHO11,PTC3,POA1,PHO3,PHO5,PTC4,PPS1,PTC6,PTC1,SIT4,PPH21,PPH22,PTP1,PHO13,DET1,TPS2,PPH3,DPP1,INM2,PPZ2,PHO8,LPP1,UTR4,PHM8,GPP2,PTP3,PTC2,GLC7,YER134C,RTR1,HIS2,CDC14,SDT1,SAP4,PPT1,SER2,NEM1,DOG2,INM1,PTC7,GEP4,PHO12,INP51,GPP1,SDP1,YVH1,LCB3,FBP26,YMR1,CNB1,SAC1,SHB17,YSR3,PSR1,PSR2,DCR2,CNA1,PPZ1,CMP2,TSL1,MIH1,YMR087W,TPP1,PAH1,CTL1,TPS3,FCP1,SIW14,MSG5,APP1,OCA1,INP52,YNL108C,YNL217W,FIG4,PPG1,MET22,INP54,PTC5,INP53,TFC7,ISN1,PTP2,YOR283W,PPQ1,CET1
8168	 methyltransferase activity	85 out of 5601 genes, 1.5%	90 of 6338 genes, 1.4%	SWD1,NCL1,RKM3,HMT1,TRM7,HSL7,BMT2,SWD3,ABD1,TAE1,EFM2,SPB1,BUD23,NOP1,TRM3,MGT1,TRM8,RRP8,TRM1,MTQ2,TRM82,RKM2,RKM4,OMS1,STE14,PPM1,DOT1,RMT2,SDC1,MET6,TMT1,TYW3,MRM2,IME4,CHO2,YGR283C,EFM1,TRM5,CTM1,SET1,SET5,CRG1,BMT5,HPM1,GCD14,SET2,OPI3,EFM3,SWD2,TRM2,MET1,MHT1,BRE2,BMT6,RKM5,DPH5,EMG1,NNT1,TRM12,ERG6,COQ5,YMR209C,YMR310C,RCM1,EFM6,NOP2,GCD10,MTQ1,TRM112,TRM10,COQ3,TRM11,TRM13,PPM2,SFM1,CDC21,MRM1,ABP140,IRC15,TRM44,SPP1,TGS1,RKM1,DIM1,SAM4
4386	 helicase activity	82 out of 5601 genes, 1.5%	86 of 6338 genes, 1.4%	MCM2,YBL113C,MAK5,MCM7,DBP10,SUB2,DHH1,AIR2,FAL1,RVB1,MSS116,PRP28,HRQ1,YRF1-1,MCM3,YEL077C,PRP22,RAD3,BRR2,ECM32,YRF1-2,SPB4,MRH4,DBP3,PRP43,INO80,ROK1,MCM6,HFM1,SLH1,YRF1-3,YHL050C,RRP3,DBP8,EST3,STH1,SSL2,YIL177C,MPH1,HCA4,MTR4,ARP4,SRS2,TIF2,YJL225C,HCS1,DHR2,DBP7,TIF1,DRS1,YLL066C,YLL067C,RAD5,IRC20,MCM5,DBP9,SKI2,SPP382,SEN1,YRF1-4,YRF1-5,PIF1,YML133C,NAM7,ECM16,SGS1,HAS1,ARP5,DBP2,YRF1-6,DBP6,HMI1,PAP2,DBP5,ARP8,DED1,CHL1,SUV3,DBP1,RVB2,YRF1-7,MCM4
8134	 transcription factor binding	67 out of 5601 genes, 1.2%	69 of 6338 genes, 1.1%	RRN6,RTG3,MED8,SNF5,MED2,BDF2,THI3,NRG1,GRX3,TAF12,UME6,ADR1,MET32,DIG2,SRB4,SPT15,GRX4,BMH1,PGD1,TAF6,SUT1,GTS1,KSS1,BRF1,TAF1,MET28,RRN7,CBF1,TFA1,TOA2,HAP4,RRN3,TFA2,LOT6,SPT8,RGR1,BDF1,SPT5,RRN11,GAL80,TAF4,MCM1,MOT3,MED11,RRN9,BDP1,FKH2,SKO1,GCR2,RAP1,SIN4,STB1,NRM1,GAL11,CIN5,SFL1,TOA1,SWI1,DIG1,MOT1,CUP9,CTI6,GAL4,SUT2,SUA7,FHL1,PZF1
51082	 unfolded protein binding	67 out of 5601 genes, 1.2%	70 of 6338 genes, 1.1%	SSA1,CNE1,SSA3,TCM62,HSP26,PDI1,SYO1,GET3,CCT4,SHR3,SSB1,PET100,CDC37,HSP42,CCT6,TCP1,EUG1,TIM9,SSA4,MDJ1,VPS45,SHY1,ZUO1,TIM10,VMA22,SSZ1,IRE1,NSG1,CHS7,EGD2,EPS1,SHQ1,CCT2,SQT1,CCT8,CCT3,KAR2,JEM1,CCT7,PHO86,PFD1,CPR7,CCT5,LHS1,SSA2,HSP104,PAM18,CPR6,HSP60,SSQ1,ATP10,TSA1,GSF2,RRB1,HSC82,ROT1,YDJ1,APJ1,NSG2,SSB2,ATP11,HSP10,PNO1,HSP33,EGD1,YAR1,HSP82
3924	 GTPase activity	61 out of 5601 genes, 1.1%	63 of 6338 genes, 1%	FUN12,GEM1,ARL1,FZO1,YPT10,CDC10,RHB1,ARF2,ARF1,NUG1,GPA2,YPT31,SEC4,YPT1,LSG1,YPT32,RSR1,GTR2,GPA1,CDC12,MTG2,EST3,RHO3,MEF2,CDC6,NPA3,SRP102,SNU114,VPS1,YPT52,RHO4,HBS1,DNM1,CDC42,GPN3,YPT6,GUF1,GSP1,YPT7,TEM1,GTR1,MTG1,DDR48,RHO2,YPT53,RAS2,RIA1,RHO5,NOG2,IFM1,VPS21,RAS1,EFT1,SEY1,GSP2,TUF1,MGM1,GPN2,BMS1,SAR1,RHO1
8092	 cytoskeletal protein binding	60 out of 5601 genes, 1.1%	67 of 6338 genes, 1.1%	MYO4,SHE1,BIK1,RVS161,YIH1,ABP1,DLD2,GCS1,DAD1,SAC6,FIN1,NUM1,RVS167,GIM4,PAC2,BIM1,DUO1,SPC105,MLC1,PAC10,TWF1,DAM1,ELP2,YSC84,CAP2,TPM2,CAP1,ASK1,SPC34,DAD2,COF1,STU2,YKE2,NDL1,BUD6,VRP1,CRN1,GIM5,HOF1,AIP1,SRV2,ALF1,GIM3,SSK2,SHE4,ASE1,PFY1,LAS17,ABP140,PAC1,PLP2,MYO2,CIN1,SCP1,IRC15,NIP100,IQG1,VIK1,KAR3,MLC2
19899	 enzyme binding	58 out of 5601 genes, 1.0%	64 of 6338 genes, 1.0%	VPS8,GIP4,ECM21,CYC8,CDC28,PAF1,TUP1,VAM6,STF1,YPD1,YRB1,MAF1,VPS41,STE5,PDS1,PCF11,RTT103,GIC2,VPS74,NPL3,SEC3,NTF2,SHO1,ROG3,DST1,YIP5,SEC15,BRF1,GIC1,ALY2,EXO70,ESS1,MOG1,TFA1,RRN3,RCN1,ELF1,LOS1,ALY1,TFA2,SPA2,SSK1,DCN1,NUP2,CDC73,SPT5,SRV2,SKO1,AVO1,CTR9,ROD1,RUD3,LDB19,SCD5,MRS6,GIP3,SRO7,SUA7
30674	 protein binding, bridging	58 out of 5601 genes, 1.0%	61 of 6338 genes, 1%	SLA1,UBC4,TMA17,CDC53,AIR2,SAC6,YDR131C,NBP2,ARG82,PEX5,YDR306C,PEX3,XRS2,RAD23,ERG28,IRC6,MPT5,COG1,PEX8,ERV29,RPN1,CIC1,SVP26,TIM44,RPN2,PAN1,ALY2,DAS1,GRR1,FIP1,HRT3,DCN1,PEP3,PEX13,UCC1,ATG39,VAC14,CRN1,UBX2,UFO1,ATG16,INP1,DSK2,END3,BNI5,SLA2,SKP2,ATG19,ATG34,HRT1,CUE5,SGT1,SKI7,ATG40,ABP140,RFM1,SCP1,BSP1
16853	 isomerase activity	55 out of 5601 genes, 1%	59 of 6338 genes, 0.9%	GAL10,PGI1,PDI1,CPR4,PUS9,CPR1,CPR5,EUG1,FPR2,PCM1,PMI40,DEG1,PUS2,PUS6,CPR2,ERG7,EPS1,HIS6,RRD1,RPE1,INO1,ESS1,CPR7,PGM1,GPM1,MIA40,CBF5,CPR6,TOP3,ECI1,FPR4,FPR3,CPR3,ERO1,YMR099C,PGM2,ERG2,PRM15,TOP2,FPR1,YNL200C,PUS4,CPR8,TOP1,RIB2,MPD2,RIB4,RKI1,PUS7,MPD1,IDI1,PUS1,ERV2,ARO7,MRI1
8565	 protein transporter activity	47 out of 5601 genes, 0.8%	51 of 6338 genes, 0.8%	SEC66,SSH1,TIM22,SSS1,MSN5,BCS1,SXM1,TIM9,KAP123,OXA1,COG3,KAP122,CSE1,KAP114,COX18,TOM20,TIM13,CRM1,WSC4,TIM10,VPS29,TOM71,PEP8,TIM54,VPS35,NMD5,SEC72,KAP95,SEC61,TOM40,PSE1,SAM50,TOM7,TOM70,TOM22,SRP1,MDJ2,TIM23,TOM6,VPS5,VPS17,SEC63,TIM18,TIM50,SEC62,KAP120,TOM5
5085	 guanyl-nucleotide exchange factor activity	45 out of 5601 genes, 0.8%	46 of 6338 genes, 0.7%	EFB1,LTE1,CDC24,YEL1,CCZ1,BUD3,BUD5,VAM6,GET3,RGP1,SEC7,GCD6,TRS23,TRS120,TRS31,SNF1,GEA2,SBH2,SRM1,MON1,ROM1,GCD2,TRS65,TEF4,GCN3,BET3,SDC25,SDO1,RIC1,GCD7,CDC25,KAP95,ROM2,TUS1,BET5,VPS9,TRS130,SEC2,MON2,SEC12,GCD1,CAM1,MUK1,DSS4,SYT1
16798	 hydrolase activity, acting on glycosyl bonds	44 out of 5601 genes, 0.8%	47 of 6338 genes, 0.7%	NTG1,NTH2,POA1,YPC1,ROT2,NTH1,GTB1,EXG2,URH1,MAG1,CWH41,SCW11,AMS1,SKN1,SCW4,BGL2,IMA1,DSE2,MNL1,SGA1,SUC2,IMA3,EGH1,IMA5,IMA4,MNS1,PGU1,ACF2,PNP1,EXG1,UNG1,OGG1,SCW10,SUN4,EGT2,DSE4,NTG2,HPF1,IMA2,SPR1,YDC1,ATH1,KRE6,GDB1
32182	 ubiquitin-like protein binding	43 out of 5601 genes, 0.8%	43 of 6338 genes, 0.7%	SLA1,EDE1,UBC4,VPS15,CKS1,TAF5,ARC40,STP22,SLX5,CDC48,COP1,ENT1,ZIP1,SWA2,GGA1,RAD23,RSP5,DDI1,CDC4,ATG18,CUE3,SEC27,UFD1,MVB12,HSE1,ETP1,GGA2,KOG1,RPN10,MET30,MDV1,CUE2,DOA1,DCN1,VPS36,RPN13,VPS9,CUE1,VPS27,DUF1,BUB3,CUE5,ULS1
8135	 translation factor activity, RNA binding	42 out of 5601 genes, 0.7%	43 of 6338 genes, 0.7%	FUN12,RPG1,TEF2,SUP45,SUP35,GCD6,EFT2,TIF35,HYP2,GCD11,PET122,TIF4632,MRF1,YGR054W,GCD2,TIF4631,RRF1,AIM23,TIF2,SUI2,ANB1,TEF4,GCN3,TIF1,MEF1,HCR1,YEF3,GCD7,CLU1,TIF34,TIF11,NIP1,SUI1,IFM1,CDC33,EFT1,TUF1,GCD1,PRT1,SUI3,TIF5,TEF1
42393	 histone binding	39 out of 5601 genes, 0.7%	41 of 6338 genes, 0.6%	CKS1,CDC28,MSI1,SGF29,TUP1,BDF2,RAD9,DOT1,VPS72,HAT2,CHZ1,JHD1,CHD1,SPT16,SPT6,GCN5,YTA7,YNG2,STH1,ARP4,ASF1,SWI3,BYE1,RSC4,SET3,NAP1,HIF1,BDF1,SIR3,POB3,CAC2,PHO23,RTT106,YNG1,HAT1,SPP1,CTI6,RLF2,NTO1
4871	 signal transducer activity	32 out of 5601 genes, 0.6%	34 of 6338 genes, 0.5%	GPB2,FUS3,SSK22,GPR1,AFR1,HKR1,SHO1,STE2,SRM1,MSB2,KSS1,RSR1,STE20,SLT2,SKN7,SLN1,BCK1,STE18,PRR1,STE3,SSK1,HOG1,MID2,STE11,ROM2,ASC1,WSC2,SSK2,WSC3,SLG1,STE4,GPB1
19843	 rRNA binding	30 out of 5601 genes, 0.5%	104 of 6338 genes, 1.6%	POP4,NOP6,RPS13,SSF2,SNM1,MRH4,NAB2,RPS2,POP6,CCM1,SSF1,RPF1,UTP25,RPS14B,MRT4,RPF2,RMP1,RPP0,SPT5,ERB1,RLP7,IMP4,NOP15,BRX1,UTP23,NOB1,RPS9A,RPL5,NOP53,MRD1
30533	 triplet codon-amino acid adaptor activity	0 out of 5601 genes, 0%	299 of 6338 genes, 4.7%	none
30555	 RNA modification guide activity	0 out of 5601 genes, 0%	71 of 6338 genes, 1.1%	none
other	other	201 out of 5601 genes, 3.6%		SYN8,SNC1,PRP45,FLO9,SEO1,FLO1,PEP1,ERD2,AVT5,FLR1,KAP104,MUM2,CBP6,CNS1,AMN1,MBA1,NTC20,OM14,BSD2,MGR1,VAC17,YCP4,TAH1,FUB1,MCH1,RAD59,TSR1,PEX19,UBX3,IWR1,HEM25,SNF3,COS7,GAL3,YOS9,SLU7,RUB1,PEX7,GIR2,SAC3,SEC1,PLP1,SLY1,CBS2,ATP22,CDC40,DIT1,SYF1,MFA1,TLG1,VPS52,SEC20,SMT3,YEA6,VAC8,CYC7,GET2,TSC11,LAM5,EMP47,YFR045W,JAC1,AGA2,ERV14,USE1,YGL114W,TPN1,PRP18,SEC9,VHT1,ASK10,SYF2,BTN2,ZPR1,AZR1,PEX21,YAP1802,YHL008C,APM2,BCD1,SFB3,LAM1,LIN1,PEX18,YAP1801,THP2,NMD3,NVJ1,FLO5,BET1,URM1,SNL1,SEC6,MAM33,SEC24,MLP2,BNR1,YIL166C,VTH1,DJP1,IST3,PAM16,SFH5,ATP12,RCY1,VTH2,SAG1,CYC1,ISY1,SFT1,SBA1,APL2,MTR2,ACP1,MCH2,VPS51,DRE2,PTR2,FLO10,ENT4,UBI4,THI73,SNF7,SED5,LAM6,BUD20,BOS1,EMP46,NYV1,SRN2,APS1,UPS1,MSS51,ENT2,SEC22,CSR1,RAD52,RCH1,AEP1,UBX4,VPS20,SEC14,MGR3,INP2,SPG5,GYL1,VTI1,CEF1,SCJ1,PET111,DOM34,SIS1,SFB2,CYB5,ESBP6,MFA2,CUZ1,KAR1,SLZ1,PEX17,PDR16,BNI4,YNL234W,PDR17,BNI1,ZIM17,HUB1,AGA1,PET494,IZH2,COQ10,TLG2,MDM38,PEX15,APM4,MCH4,PEP12,CYT1,UFE1,VAM3,RUP1,MTR10,THI72,YOR302W,MCH5,SNC2,NCR1,VPS28,SEC16,DAP1,APL5,CBP3,APM1,TIF6,YOP1,APL4,MRL1,SNT309,RGC1,CUR1,OPT2
not_yet_annotated	not_yet_annotated	26 out of 5601 genes, 0.5%		YAR044W,YAR062W,YBR075W,YBR100W,YCL012W,YCR062W,YCR103C,YDL038C,YDR474C,YER108C,YFL006W,AAD16,YGL046W,YGR272C,YIL080W,YIR044C,YJL017W,YJL018W,YJL021C,YKL200C,YML033W,YOR088W,YOR240W,YPR090W